ad_id,platform,timestamp_utc,clicks,impressions,spend,currency,pipeline_status,ad_lifecycle_status,video_views
meta_ad_1285,meta,2026-01-11 16:00:00+00:00,5,283,0.114359,EUR,QUARANTINED,ACTIVE,24
meta_ad_711,meta,2025-12-07 19:00:00+00:00,2,286,0.471273,USD,QUARANTINED,ACTIVE,27
meta_ad_1329,meta,2025-11-21 17:00:00+00:00,4,118,0.017533,PHP,QUARANTINED,ACTIVE,25
meta_ad_1197,meta,2025-10-17 02:00:00+00:00,3,90,0.058351,USD,QUARANTINED,ACTIVE,18
meta_ad_1447,meta,2025-12-27 19:00:00+00:00,6,105,0.044801,PHP,QUARANTINED,ACTIVE,0
meta_ad_893,meta,2025-09-24 22:00:00+00:00,3,71,0.048743,USD,QUARANTINED,ACTIVE,7
meta_ad_376,meta,2025-12-04 08:00:00+00:00,18,216,0.011793,PHP,QUARANTINED,ACTIVE,28
meta_ad_191,meta,2025-12-20 23:00:00+00:00,39,400,0.256399,PHP,QUARANTINED,ARCHIVED,154
meta_ad_76,meta,2025-12-06 08:00:00+00:00,488,306,0.015459,USD,QUARANTINED,LIMITED,0
meta_ad_768,meta,2025-11-10 05:00:00+00:00,21,773,0.655143,SGD,QUARANTINED,ACTIVE,0
meta_ad_555,meta,2025-12-20 09:00:00+00:00,0,86,0.080714,PHP,QUARANTINED,PAUSED,0
meta_ad_857,meta,2025-12-14 22:00:00+00:00,1,63,0.086844,PHP,QUARANTINED,ACTIVE,6
meta_ad_707,meta,2025-10-10 04:00:00+00:00,3,138,0.181865,PHP,QUARANTINED,PAUSED,0
meta_ad_116,meta,2025-10-07 12:00:00+00:00,4,300,0.05772,SGD,QUARANTINED,LIMITED,0
meta_ad_1172,meta,2025-10-06 16:00:00+00:00,1,131,0.098729,PHP,QUARANTINED,ACTIVE,0
meta_ad_337,meta,2025-11-14 04:00:00+00:00,0,68,0.020062,PHP,QUARANTINED,ACTIVE,18
meta_ad_664,meta,2025-11-06 01:00:00+00:00,4,98,0.060205,SGD,QUARANTINED,ACTIVE,7
meta_ad_92,meta,2025-10-05 11:00:00+00:00,0,473,0.156596,PHP,QUARANTINED,ACTIVE,110
meta_ad_646,meta,2025-10-12 16:00:00+00:00,3,215,0.105796,PHP,QUARANTINED,ACTIVE,0
meta_ad_715,meta,2025-12-01 20:00:00+00:00,399,264,0.512397,PHP,QUARANTINED,ACTIVE,49
meta_ad_1376,meta,2025-11-25 02:00:00+00:00,237,228,0.039423,USD,QUARANTINED,ACTIVE,0
meta_ad_1098,meta,2025-10-22 10:00:00+00:00,9,202,0.144209,PHP,QUARANTINED,ACTIVE,3
meta_ad_597,meta,2025-12-02 14:00:00+00:00,3,235,0.051786,SGD,QUARANTINED,ACTIVE,30
meta_ad_778,meta,2026-01-12 15:00:00+00:00,1,47,0.056445,PHP,QUARANTINED,ACTIVE,13
meta_ad_69,meta,2026-01-03 04:00:00+00:00,230,110,0.068232,USD,QUARANTINED,ACTIVE,12
meta_ad_256,meta,2025-12-04 01:00:00+00:00,0,29,0.007927,USD,QUARANTINED,ACTIVE,2
meta_ad_768,meta,2025-12-13 06:00:00+00:00,9,361,0.130915,PHP,QUARANTINED,DRAFT,16
meta_ad_847,meta,2025-11-29 23:00:00+00:00,24,180,0.226472,USD,QUARANTINED,LIMITED,14
meta_ad_225,meta,2025-09-23 00:00:00+00:00,6,161,0.03869,AUD,QUARANTINED,DRAFT,0
meta_ad_1092,meta,2026-01-09 16:00:00+00:00,28,325,0.143723,PHP,QUARANTINED,ACTIVE,0
meta_ad_135,meta,2025-11-15 05:00:00+00:00,6,192,0.228061,PHP,QUARANTINED,ACTIVE,71
meta_ad_1234,meta,2025-10-24 07:00:00+00:00,0,38,-0.008812,PHP,QUARANTINED,ACTIVE,0
meta_ad_161,meta,2026-01-11 12:00:00+00:00,264,81,0.036918,EUR,QUARANTINED,DRAFT,0
meta_ad_304,meta,2025-12-23 04:00:00+00:00,24,234,0.033191,PHP,QUARANTINED,ACTIVE,38
meta_ad_1371,meta,2025-11-16 20:00:00+00:00,27,265,0.280483,AUD,QUARANTINED,PAUSED,0
meta_ad_399,meta,2025-12-23 03:00:00+00:00,7,262,0.294459,PHP,QUARANTINED,ACTIVE,122
meta_ad_175,meta,2025-12-28 02:00:00+00:00,2,105,0.015522,USD,QUARANTINED,ACTIVE,55
meta_ad_339,meta,2026-01-02 14:00:00+00:00,200,117,0.014653,PHP,QUARANTINED,ACTIVE,0
meta_ad_494,meta,2025-12-26 23:00:00+00:00,2,69,0.026728,USD,QUARANTINED,ACTIVE,10
meta_ad_1218,meta,2025-12-29 13:00:00+00:00,293,120,0.141225,AUD,QUARANTINED,LIMITED,33
meta_ad_562,meta,2025-10-16 23:00:00+00:00,8,334,0.118989,SGD,QUARANTINED,PAUSED,83
meta_ad_1424,meta,2025-12-21 12:00:00+00:00,287,133,0.170429,EUR,QUARANTINED,ACTIVE,0
meta_ad_167,meta,2025-10-11 12:00:00+00:00,1,54,0.03012,SGD,QUARANTINED,ACTIVE,8
meta_ad_1150,meta,2025-10-21 06:00:00+00:00,16,646,0.61234,USD,QUARANTINED,ACTIVE,65
meta_ad_1008,meta,2025-10-15 12:00:00+00:00,7,71,0.066183,PHP,QUARANTINED,ACTIVE,0
meta_ad_1224,meta,2025-10-02 21:00:00+00:00,4,221,0.115662,USD,QUARANTINED,ACTIVE,0
meta_ad_648,meta,2026-01-15 22:00:00+00:00,5,65,0.100763,AUD,QUARANTINED,ACTIVE,8
meta_ad_223,meta,2025-10-26 10:00:00+00:00,2,131,-0.046568,PHP,QUARANTINED,PAUSED,20
meta_ad_55,meta,2025-09-21 03:00:00+00:00,14,146,0.150676,EUR,QUARANTINED,ACTIVE,0
meta_ad_413,meta,2025-12-20 06:00:00+00:00,6,182,0.141787,PHP,QUARANTINED,PAUSED,48
meta_ad_921,meta,2025-10-21 01:00:00+00:00,272,147,0.034342,PHP,QUARANTINED,DISAPPROVED,0
meta_ad_989,meta,2026-01-08 05:00:00+00:00,2,92,0.062123,PHP,QUARANTINED,ACTIVE,0
meta_ad_647,meta,2026-01-03 16:00:00+00:00,17,290,0.029666,PHP,QUARANTINED,DISAPPROVED,0
meta_ad_236,meta,2025-10-04 22:00:00+00:00,310,279,0.255802,USD,QUARANTINED,ACTIVE,76
meta_ad_781,meta,2025-12-16 21:00:00+00:00,193,115,0.026292,PHP,QUARANTINED,PAUSED,0
meta_ad_682,meta,2025-11-16 17:00:00+00:00,3,74,0.043106,PHP,QUARANTINED,ACTIVE,0
meta_ad_931,meta,2025-09-22 02:00:00+00:00,1,72,0.001618,EUR,QUARANTINED,ACTIVE,0
meta_ad_875,meta,2025-10-21 03:00:00+00:00,23,373,0.189235,USD,QUARANTINED,DRAFT,65
meta_ad_1337,meta,2025-12-21 20:00:00+00:00,10,95,0.034296,USD,QUARANTINED,PAUSED,0
meta_ad_461,meta,2025-10-08 23:00:00+00:00,3,183,0.148236,PHP,QUARANTINED,ACTIVE,0
meta_ad_1194,meta,2025-10-28 12:00:00+00:00,229,126,0.118881,USD,QUARANTINED,LIMITED,10
meta_ad_452,meta,2025-10-27 02:00:00+00:00,15,150,0.065645,PHP,QUARANTINED,ARCHIVED,0
meta_ad_1011,meta,2026-01-06 03:00:00+00:00,30,819,0.561379,USD,QUARANTINED,DRAFT,72
meta_ad_1458,meta,2025-11-07 20:00:00+00:00,39,378,0.678386,USD,QUARANTINED,ACTIVE,16
meta_ad_226,meta,2025-12-12 06:00:00+00:00,6,114,0.043418,PHP,QUARANTINED,PAUSED,0
meta_ad_579,meta,2026-01-16 04:00:00+00:00,10,164,0.013335,SGD,QUARANTINED,ACTIVE,0
meta_ad_941,meta,2025-10-11 15:00:00+00:00,4,187,0.011006,EUR,QUARANTINED,ACTIVE,40
meta_ad_1330,meta,2026-01-13 20:00:00+00:00,4,91,0.109401,USD,QUARANTINED,PAUSED,13
meta_ad_277,meta,2025-12-24 23:00:00+00:00,219,21,0.035793,USD,QUARANTINED,ACTIVE,1
meta_ad_1311,meta,2025-12-12 00:00:00+00:00,6,203,0.099676,USD,QUARANTINED,DRAFT,0
meta_ad_207,meta,2026-01-08 22:00:00+00:00,2,198,0.169083,USD,QUARANTINED,ACTIVE,0
meta_ad_844,meta,2025-09-28 19:00:00+00:00,2,132,0.038049,USD,QUARANTINED,ACTIVE,18
meta_ad_166,meta,2026-01-08 23:00:00+00:00,1,66,0.024572,PHP,QUARANTINED,ACTIVE,0
meta_ad_1437,meta,2025-10-16 16:00:00+00:00,4,340,0.094198,PHP,QUARANTINED,ACTIVE,122
meta_ad_1001,meta,2026-01-16 10:00:00+00:00,238,96,0.106702,PHP,QUARANTINED,ACTIVE,0
meta_ad_1041,meta,2025-12-02 20:00:00+00:00,3,54,0.004449,PHP,QUARANTINED,ACTIVE,7
meta_ad_201,meta,2025-11-19 12:00:00+00:00,9,163,0.113003,SGD,QUARANTINED,PAUSED,0
meta_ad_976,meta,2026-01-08 00:00:00+00:00,2,120,0.070176,SGD,QUARANTINED,ACTIVE,18
meta_ad_1048,meta,2025-11-15 10:00:00+00:00,3,88,0.053411,USD,QUARANTINED,DRAFT,20
meta_ad_1463,meta,2025-12-07 23:00:00+00:00,1,181,0.116837,SGD,QUARANTINED,ACTIVE,23
meta_ad_958,meta,2026-01-07 22:00:00+00:00,6,182,0.015994,USD,QUARANTINED,ACTIVE,0
meta_ad_1151,meta,2025-10-26 13:00:00+00:00,1,102,0.060508,PHP,QUARANTINED,LIMITED,21
meta_ad_126,meta,2025-10-24 20:00:00+00:00,4,262,0.169415,PHP,QUARANTINED,PAUSED,53
meta_ad_706,meta,2025-10-27 09:00:00+00:00,12,289,0.044429,PHP,QUARANTINED,DISAPPROVED,16
meta_ad_28,meta,2025-12-08 19:00:00+00:00,7,222,0.248413,PHP,QUARANTINED,ACTIVE,37
meta_ad_1385,meta,2025-11-11 19:00:00+00:00,10,692,0.331516,SGD,QUARANTINED,ACTIVE,195
meta_ad_491,meta,2025-12-09 03:00:00+00:00,8,475,0.442416,USD,QUARANTINED,ACTIVE,0
meta_ad_1287,meta,2026-01-05 12:00:00+00:00,368,181,0.076069,PHP,QUARANTINED,ACTIVE,0
meta_ad_128,meta,2025-10-06 03:00:00+00:00,2,62,0.017,SGD,QUARANTINED,ACTIVE,0
meta_ad_27,meta,2025-11-10 14:00:00+00:00,181,114,0.081513,USD,QUARANTINED,DRAFT,8
meta_ad_983,meta,2025-11-16 04:00:00+00:00,1,89,0.013602,PHP,QUARANTINED,DISAPPROVED,0
meta_ad_1095,meta,2025-12-04 18:00:00+00:00,4,361,0.469899,PHP,QUARANTINED,ACTIVE,96
meta_ad_1048,meta,2025-11-15 10:00:00+00:00,3,88,0.053411,USD,QUARANTINED,DRAFT,20
meta_ad_337,meta,2025-11-14 04:00:00+00:00,0,68,0.020062,PHP,QUARANTINED,ACTIVE,18
meta_ad_92,meta,2025-10-05 11:00:00+00:00,0,473,0.156596,PHP,QUARANTINED,ACTIVE,110
meta_ad_597,meta,2025-12-02 14:00:00+00:00,3,235,0.051786,SGD,QUARANTINED,ACTIVE,30
meta_ad_983,meta,2025-11-16 04:00:00+00:00,1,89,0.013602,PHP,QUARANTINED,DISAPPROVED,0
tt_ad_1491,tiktok,2025-12-29 14:00:00+00:00,0,104,0.036501,PHP,QUARANTINED,ENABLE,61
tt_ad_966,tiktok,2025-12-18 01:00:00+00:00,1,61,0.031233,PHP,QUARANTINED,DRAFT,0
tt_ad_1876,tiktok,2026-01-11 11:00:00+00:00,2,557,0.842507,EUR,QUARANTINED,ENABLE,50
tt_ad_195,tiktok,2025-11-08 23:00:00+00:00,3,448,0.521407,PHP,QUARANTINED,ENABLE,43
tt_ad_828,tiktok,2025-10-28 16:00:00+00:00,0,20,0.018037,PHP,QUARANTINED,ENABLE,0
tt_ad_955,tiktok,2025-11-08 19:00:00+00:00,1,60,0.023501,PHP,QUARANTINED,PAUSE,25
tt_ad_1984,tiktok,2026-01-11 19:00:00+00:00,18,235,0.118755,AUD,QUARANTINED,ENABLE,35
tt_ad_1676,tiktok,2025-12-14 01:00:00+00:00,2,172,0.053252,PHP,QUARANTINED,ENABLE,33
tt_ad_811,tiktok,2026-01-06 09:00:00+00:00,8,137,0.078455,USD,QUARANTINED,ENABLE,29
tt_ad_831,tiktok,2025-10-12 18:00:00+00:00,11,131,0.020069,USD,QUARANTINED,ENABLE,25
tt_ad_1128,tiktok,2025-12-18 16:00:00+00:00,0,44,0.055999,USD,QUARANTINED,ENABLE,0
tt_ad_1620,tiktok,2026-01-14 10:00:00+00:00,7,429,0.35493,USD,QUARANTINED,ENABLE,72
tt_ad_226,tiktok,2025-10-03 14:00:00+00:00,2,97,0.02694,PHP,QUARANTINED,PAUSE,17
tt_ad_1003,tiktok,2025-12-14 17:00:00+00:00,19,557,0.189154,PHP,QUARANTINED,ENABLE,138
tt_ad_612,tiktok,2025-11-09 14:00:00+00:00,31,657,0.42567,PHP,QUARANTINED,ENABLE,112
tt_ad_904,tiktok,2025-11-16 23:00:00+00:00,10,234,0.338077,USD,QUARANTINED,DRAFT,0
tt_ad_329,tiktok,2025-11-18 02:00:00+00:00,2,74,0.078139,EUR,QUARANTINED,PAUSE,7
tt_ad_753,tiktok,2025-12-14 02:00:00+00:00,338,183,0.099098,USD,QUARANTINED,ENABLE,72
tt_ad_646,tiktok,2025-11-09 02:00:00+00:00,6,230,0.109331,EUR,QUARANTINED,ENABLE,31
tt_ad_821,tiktok,2025-09-27 15:00:00+00:00,3,183,0.072341,PHP,QUARANTINED,PAUSE,67
tt_ad_1172,tiktok,2025-12-17 08:00:00+00:00,1,80,0.038274,USD,QUARANTINED,ENABLE,17
tt_ad_474,tiktok,2026-01-16 05:00:00+00:00,3,66,0.030539,PHP,QUARANTINED,ENABLE,14
tt_ad_500,tiktok,2025-10-04 18:00:00+00:00,7,90,0.047771,USD,QUARANTINED,ENABLE,25
tt_ad_1259,tiktok,2026-01-03 14:00:00+00:00,8,180,0.146834,PHP,QUARANTINED,ENABLE,27
tt_ad_1176,tiktok,2025-11-18 23:00:00+00:00,9,255,0.223243,SGD,QUARANTINED,ENABLE,0
tt_ad_470,tiktok,2025-10-25 13:00:00+00:00,0,79,0.020535,USD,QUARANTINED,ENABLE,1
tt_ad_1617,tiktok,2025-12-05 03:00:00+00:00,1,41,0.048199,SGD,QUARANTINED,ENABLE,7
tt_ad_871,tiktok,2025-11-28 01:00:00+00:00,4,117,0.03298,PHP,QUARANTINED,ENABLE,9
tt_ad_279,tiktok,2026-01-12 22:00:00+00:00,196,41,0.07735,SGD,QUARANTINED,ENABLE,0
tt_ad_1514,tiktok,2025-11-15 12:00:00+00:00,356,196,0.081148,PHP,QUARANTINED,ENABLE,21
tt_ad_1002,tiktok,2025-10-05 17:00:00+00:00,3,121,0.071601,PHP,QUARANTINED,ENABLE,6
tt_ad_196,tiktok,2025-10-28 18:00:00+00:00,16,300,0.108457,USD,QUARANTINED,ENABLE,64
tt_ad_148,tiktok,2025-12-18 18:00:00+00:00,13,379,0.524244,USD,QUARANTINED,ENABLE,96
tt_ad_311,tiktok,2025-10-07 19:00:00+00:00,12,190,0.038774,USD,QUARANTINED,DRAFT,20
tt_ad_1277,tiktok,2025-11-10 12:00:00+00:00,2,64,0.099949,PHP,QUARANTINED,ENABLE,9
tt_ad_1014,tiktok,2025-11-17 05:00:00+00:00,3,126,0.013379,PHP,QUARANTINED,ENABLE,30
tt_ad_1212,tiktok,2025-09-24 02:00:00+00:00,44,643,0.481482,USD,QUARANTINED,ENABLE,83
tt_ad_1885,tiktok,2025-09-24 21:00:00+00:00,1,48,0.005288,USD,QUARANTINED,PAUSE,5
tt_ad_202,tiktok,2026-01-04 02:00:00+00:00,12,369,0.200821,USD,QUARANTINED,REJECT,34
tt_ad_1723,tiktok,2025-11-15 11:00:00+00:00,0,60,0.011592,PHP,QUARANTINED,ENABLE,14
tt_ad_582,tiktok,2025-09-23 00:00:00+00:00,73,60,0.044,USD,QUARANTINED,ENABLE,11
tt_ad_653,tiktok,2025-09-28 11:00:00+00:00,11,295,0.377972,USD,QUARANTINED,ENABLE,138
tt_ad_1089,tiktok,2025-11-21 03:00:00+00:00,1,75,0.020478,PHP,QUARANTINED,PAUSE,0
tt_ad_1960,tiktok,2025-10-05 10:00:00+00:00,283,84,0.059774,PHP,QUARANTINED,ENABLE,17
tt_ad_1152,tiktok,2025-11-15 11:00:00+00:00,6,99,0.066627,PHP,QUARANTINED,ENABLE,4
tt_ad_914,tiktok,2025-10-19 15:00:00+00:00,2,168,0.088729,USD,QUARANTINED,DRAFT,6
tt_ad_1875,tiktok,2025-12-15 17:00:00+00:00,18,393,0.743149,PHP,QUARANTINED,ENABLE,212
tt_ad_1402,tiktok,2025-11-06 23:00:00+00:00,0,104,0.246508,PHP,QUARANTINED,DRAFT,4
tt_ad_354,tiktok,2025-09-26 02:00:00+00:00,111,54,0.017066,USD,QUARANTINED,ENABLE,0
tt_ad_950,tiktok,2025-12-16 20:00:00+00:00,334,175,0.037751,USD,QUARANTINED,ENABLE,0
tt_ad_1029,tiktok,2025-12-15 12:00:00+00:00,168,87,0.045675,PHP,QUARANTINED,PAUSE,0
tt_ad_31,tiktok,2025-12-01 12:00:00+00:00,1,22,0.066265,PHP,QUARANTINED,ENABLE,1
tt_ad_806,tiktok,2026-01-15 07:00:00+00:00,4,194,0.286362,USD,QUARANTINED,ENABLE,12
tt_ad_1615,tiktok,2026-01-08 17:00:00+00:00,10,323,0.136763,PHP,QUARANTINED,PAUSE,85
tt_ad_1921,tiktok,2025-10-02 16:00:00+00:00,8,294,0.147946,PHP,QUARANTINED,ENABLE,33
tt_ad_1223,tiktok,2025-11-27 20:00:00+00:00,6,111,0.021855,PHP,QUARANTINED,REJECT,3
tt_ad_1007,tiktok,2025-09-22 09:00:00+00:00,13,141,0.116806,USD,QUARANTINED,ENABLE,20
tt_ad_22,tiktok,2025-12-12 18:00:00+00:00,9,117,0.026547,USD,QUARANTINED,ARCHIVE,0
tt_ad_730,tiktok,2025-12-12 14:00:00+00:00,8,345,0.080284,PHP,QUARANTINED,PAUSE,5
tt_ad_540,tiktok,2025-10-24 19:00:00+00:00,3,180,0.178861,PHP,QUARANTINED,ENABLE,0
tt_ad_910,tiktok,2025-09-22 19:00:00+00:00,5,128,0.269284,PHP,QUARANTINED,ENABLE,15
tt_ad_1013,tiktok,2025-11-25 12:00:00+00:00,2,124,0.097038,PHP,QUARANTINED,ENABLE,0
tt_ad_1755,tiktok,2025-11-26 19:00:00+00:00,3,67,0.0332,PHP,QUARANTINED,ARCHIVE,9
tt_ad_449,tiktok,2025-11-27 15:00:00+00:00,1,44,0.030582,AUD,QUARANTINED,ENABLE,0
tt_ad_591,tiktok,2025-12-02 13:00:00+00:00,1,81,0.069514,PHP,QUARANTINED,PAUSE,26
tt_ad_1953,tiktok,2025-12-17 21:00:00+00:00,5,293,0.128863,PHP,QUARANTINED,REJECT,78
tt_ad_951,tiktok,2025-11-23 21:00:00+00:00,15,343,0.214195,USD,QUARANTINED,ENABLE,39
tt_ad_807,tiktok,2025-09-25 22:00:00+00:00,0,26,0.00369,AUD,QUARANTINED,ENABLE,1
tt_ad_1640,tiktok,2025-12-18 00:00:00+00:00,5,137,0.100167,PHP,QUARANTINED,PAUSE,32
tt_ad_1966,tiktok,2025-11-10 03:00:00+00:00,10,126,0.111697,PHP,QUARANTINED,LIMITED,18
tt_ad_1801,tiktok,2025-10-25 06:00:00+00:00,3,309,0.27022,AUD,QUARANTINED,DRAFT,35
tt_ad_630,tiktok,2025-11-22 03:00:00+00:00,5,188,0.319871,PHP,QUARANTINED,ENABLE,63
tt_ad_1253,tiktok,2026-01-08 10:00:00+00:00,7,206,0.149135,PHP,QUARANTINED,ENABLE,8
tt_ad_165,tiktok,2025-12-26 09:00:00+00:00,8,117,0.038577,PHP,QUARANTINED,ENABLE,19
tt_ad_1461,tiktok,2025-12-19 15:00:00+00:00,9,76,0.07183,PHP,QUARANTINED,DRAFT,5
tt_ad_709,tiktok,2025-11-26 06:00:00+00:00,1,76,0.0334,AUD,QUARANTINED,ENABLE,5
tt_ad_690,tiktok,2025-11-23 19:00:00+00:00,5,191,0.264999,USD,QUARANTINED,ENABLE,3
tt_ad_1531,tiktok,2025-11-10 20:00:00+00:00,2,51,0.021874,AUD,QUARANTINED,ENABLE,8
tt_ad_1035,tiktok,2025-10-02 07:00:00+00:00,15,639,0.819922,EUR,QUARANTINED,DRAFT,0
tt_ad_1545,tiktok,2025-10-18 15:00:00+00:00,0,155,0.162788,USD,QUARANTINED,ENABLE,29
tt_ad_1759,tiktok,2025-10-15 21:00:00+00:00,167,52,0.065349,USD,QUARANTINED,ARCHIVE,13
tt_ad_1877,tiktok,2025-10-07 09:00:00+00:00,5,181,0.074724,USD,QUARANTINED,PAUSE,23
tt_ad_841,tiktok,2025-09-27 07:00:00+00:00,3,118,0.034465,PHP,QUARANTINED,ENABLE,0
tt_ad_1318,tiktok,2025-12-11 20:00:00+00:00,6,74,0.028583,USD,QUARANTINED,REJECT,0
tt_ad_864,tiktok,2025-11-23 13:00:00+00:00,1,141,0.027324,USD,QUARANTINED,ENABLE,0
tt_ad_1802,tiktok,2025-10-23 07:00:00+00:00,0,79,0.083311,SGD,QUARANTINED,ENABLE,13
tt_ad_402,tiktok,2025-11-02 20:00:00+00:00,8,176,0.110146,USD,QUARANTINED,ENABLE,57
tt_ad_1413,tiktok,2025-10-29 22:00:00+00:00,9,430,0.515552,USD,QUARANTINED,ENABLE,41
tt_ad_902,tiktok,2025-12-20 20:00:00+00:00,6,84,0.112159,PHP,QUARANTINED,ENABLE,13
tt_ad_604,tiktok,2025-09-22 16:00:00+00:00,2,76,0.048419,USD,QUARANTINED,ENABLE,10
tt_ad_1503,tiktok,2025-10-26 22:00:00+00:00,0,360,0.372563,USD,QUARANTINED,PAUSE,65
tt_ad_305,tiktok,2025-12-15 16:00:00+00:00,27,362,0.393541,PHP,QUARANTINED,ENABLE,0
tt_ad_305,tiktok,2025-10-05 08:00:00+00:00,2,205,0.118211,USD,QUARANTINED,ENABLE,23
tt_ad_607,tiktok,2025-09-21 18:00:00+00:00,1,60,0.033323,AUD,QUARANTINED,ENABLE,14
tt_ad_607,tiktok,2025-09-21 18:00:00+00:00,1,60,0.033323,AUD,QUARANTINED,ENABLE,14
tt_ad_1176,tiktok,2025-11-18 23:00:00+00:00,9,255,0.223243,SGD,QUARANTINED,ENABLE,0
x_tweet_1762,x,2026-01-11 10:00:00+00:00,17,459,0.686443,USD,QUARANTINED,DRAFT,0
x_tweet_1743,x,2025-11-24 05:00:00+00:00,1,240,-0.171905,USD,QUARANTINED,PAUSED,0
x_tweet_467,x,2026-01-10 15:00:00+00:00,0,57,0.064766,USD,QUARANTINED,PAUSED,0
x_tweet_459,x,2025-11-06 01:00:00+00:00,18,268,0.221386,USD,QUARANTINED,ACTIVE,0
x_tweet_1016,x,2025-12-25 18:00:00+00:00,2,140,0.060472,USD,QUARANTINED,ACTIVE,0
x_tweet_1018,x,2025-10-10 09:00:00+00:00,8,155,0.029461,USD,QUARANTINED,ACTIVE,0
None,x,2025-09-30 14:00:00+00:00,5,164,0.222383,USD,QUARANTINED,ACTIVE,0
x_tweet_1137,x,2025-10-03 16:00:00+00:00,14,67,0.012545,USD,QUARANTINED,ACTIVE,0
x_tweet_2100,x,2026-01-04 22:00:00+00:00,0,99,0.029857,USD,QUARANTINED,ACTIVE,0
x_tweet_942,x,2025-12-01 04:00:00+00:00,15,222,0.177907,USD,QUARANTINED,ACTIVE,0
None,x,2025-11-08 21:00:00+00:00,22,229,0.038968,USD,QUARANTINED,ACTIVE,0
x_tweet_2022,x,2025-10-08 14:00:00+00:00,0,51,0.00983,USD,QUARANTINED,ACTIVE,0
x_tweet_216,x,2025-12-28 09:00:00+00:00,0,37,0.01999,USD,QUARANTINED,PAUSED,0
x_tweet_784,x,2025-10-17 01:00:00+00:00,0,98,0.022214,USD,QUARANTINED,ACTIVE,0
x_tweet_470,x,2025-12-09 16:00:00+00:00,14,285,0.152641,USD,QUARANTINED,DISAPPROVED,0
x_tweet_1127,x,2025-10-16 15:00:00+00:00,242,128,0.081381,USD,QUARANTINED,ACTIVE,0
None,x,2025-12-06 00:00:00+00:00,33,237,0.263138,USD,QUARANTINED,ACTIVE,0
None,x,2025-11-23 09:00:00+00:00,5,156,0.174449,USD,QUARANTINED,DRAFT,0
None,x,2025-12-25 21:00:00+00:00,4,155,0.245944,USD,QUARANTINED,ARCHIVED,0
x_tweet_68,x,2025-11-26 14:00:00+00:00,263,127,0.040677,USD,QUARANTINED,ACTIVE,0
x_tweet_574,x,2026-01-15 17:00:00+00:00,2,108,-0.181927,USD,QUARANTINED,PAUSED,0
None,x,2025-11-22 03:00:00+00:00,520,326,0.165252,USD,QUARANTINED,ACTIVE,0
x_tweet_2202,x,2026-01-03 15:00:00+00:00,3,47,0.078061,USD,QUARANTINED,ACTIVE,0
x_tweet_1939,x,2025-09-26 10:00:00+00:00,1,74,0.150478,USD,QUARANTINED,ARCHIVED,0
x_tweet_2124,x,2025-10-06 03:00:00+00:00,15,220,0.096882,USD,QUARANTINED,DRAFT,0
None,x,2025-10-16 22:00:00+00:00,7,469,0.614717,USD,QUARANTINED,ACTIVE,0
x_tweet_332,x,2025-12-14 20:00:00+00:00,3,89,0.032659,USD,QUARANTINED,ACTIVE,0
x_tweet_2168,x,2025-10-13 06:00:00+00:00,3,391,0.901123,USD,QUARANTINED,ACTIVE,0
None,x,2025-11-26 14:00:00+00:00,10,180,0.081207,USD,QUARANTINED,ACTIVE,0
x_tweet_2156,x,2025-10-20 12:00:00+00:00,11,245,0.453892,USD,QUARANTINED,LIMITED,0
None,x,2025-12-13 11:00:00+00:00,5,223,0.033777,USD,QUARANTINED,ACTIVE,0
x_tweet_515,x,2025-12-24 05:00:00+00:00,0,28,0.011489,USD,QUARANTINED,PAUSED,0
x_tweet_1244,x,2026-01-15 22:00:00+00:00,9,133,0.041043,USD,QUARANTINED,ACTIVE,0
x_tweet_2180,x,2025-11-27 23:00:00+00:00,0,156,0.121338,USD,QUARANTINED,ACTIVE,0
x_tweet_2458,x,2026-01-02 01:00:00+00:00,23,359,0.23501,USD,QUARANTINED,ACTIVE,0
None,x,2025-10-16 01:00:00+00:00,15,393,0.085284,USD,QUARANTINED,ACTIVE,0
x_tweet_601,x,2025-09-19 22:00:00+00:00,314,172,0.087098,USD,QUARANTINED,ACTIVE,0
x_tweet_2229,x,2025-12-02 02:00:00+00:00,1,38,0.004481,USD,QUARANTINED,ACTIVE,0
x_tweet_1687,x,2025-12-10 23:00:00+00:00,13,223,0.158759,USD,QUARANTINED,ACTIVE,0
x_tweet_1990,x,2025-11-01 08:00:00+00:00,6,99,0.065821,USD,QUARANTINED,ACTIVE,0
x_tweet_994,x,2026-01-01 11:00:00+00:00,9,142,0.086446,USD,QUARANTINED,ACTIVE,0
x_tweet_1546,x,2025-12-26 12:00:00+00:00,20,119,0.039197,USD,QUARANTINED,PAUSED,0
x_tweet_2537,x,2025-09-20 20:00:00+00:00,25,348,0.070299,USD,QUARANTINED,PAUSED,0
x_tweet_831,x,2025-10-24 16:00:00+00:00,1,237,0.131603,USD,QUARANTINED,PAUSED,0
None,x,2025-10-24 06:00:00+00:00,1,163,0.139335,USD,QUARANTINED,ACTIVE,0
x_tweet_1775,x,2025-09-21 00:00:00+00:00,3,240,0.245929,USD,QUARANTINED,ACTIVE,0
x_tweet_328,x,2025-12-19 02:00:00+00:00,8,286,0.04525,USD,QUARANTINED,ACTIVE,0
x_tweet_1970,x,2025-12-29 05:00:00+00:00,243,70,0.030464,USD,QUARANTINED,DISAPPROVED,0
x_tweet_1349,x,2026-01-03 10:00:00+00:00,1,57,0.046042,USD,QUARANTINED,ACTIVE,0
None,x,2025-11-17 10:00:00+00:00,9,127,0.135934,USD,QUARANTINED,ACTIVE,0
x_tweet_1893,x,2025-10-10 20:00:00+00:00,6,190,0.058907,USD,QUARANTINED,LIMITED,0
None,x,2025-10-06 09:00:00+00:00,5,119,0.033379,USD,QUARANTINED,ARCHIVED,0
x_tweet_2440,x,2025-11-25 06:00:00+00:00,1,192,0.185969,USD,QUARANTINED,ACTIVE,0
x_tweet_1895,x,2025-10-23 07:00:00+00:00,11,130,-0.018204,USD,QUARANTINED,PAUSED,0
None,x,2025-11-17 23:00:00+00:00,0,57,0.027979,USD,QUARANTINED,ACTIVE,0
x_tweet_2422,x,2025-10-04 03:00:00+00:00,96,42,0.022233,USD,QUARANTINED,ACTIVE,0
None,x,2025-09-22 00:00:00+00:00,2,61,0.050014,USD,QUARANTINED,DRAFT,0
None,x,2025-12-08 17:00:00+00:00,3,103,0.163176,USD,QUARANTINED,ACTIVE,0
x_tweet_776,x,2025-12-16 08:00:00+00:00,7,111,0.103877,USD,QUARANTINED,ACTIVE,0
x_tweet_1804,x,2025-11-06 18:00:00+00:00,272,163,0.04785,USD,QUARANTINED,ACTIVE,0
x_tweet_657,x,2025-10-19 11:00:00+00:00,274,135,0.175093,USD,QUARANTINED,ACTIVE,0
x_tweet_2550,x,2025-12-12 04:00:00+00:00,4,55,0.013859,USD,QUARANTINED,ACTIVE,0
x_tweet_2146,x,2025-12-31 00:00:00+00:00,19,512,0.252968,USD,QUARANTINED,ACTIVE,0
x_tweet_585,x,2025-09-20 04:00:00+00:00,5,219,0.193324,USD,QUARANTINED,ACTIVE,0
x_tweet_1554,x,2025-09-21 17:00:00+00:00,13,452,0.06808,USD,QUARANTINED,ACTIVE,0
None,x,2025-10-27 16:00:00+00:00,2,103,0.047775,USD,QUARANTINED,PAUSED,0
x_tweet_700,x,2025-11-16 04:00:00+00:00,15,275,0.085059,USD,QUARANTINED,PAUSED,0
x_tweet_1753,x,2025-09-24 16:00:00+00:00,240,81,0.061588,USD,QUARANTINED,LIMITED,0
x_tweet_799,x,2025-12-11 06:00:00+00:00,5,137,0.099651,USD,QUARANTINED,ACTIVE,0
x_tweet_1123,x,2025-12-01 17:00:00+00:00,11,234,0.20911,USD,QUARANTINED,ACTIVE,0
x_tweet_2565,x,2025-12-24 15:00:00+00:00,7,138,0.06657,USD,QUARANTINED,ACTIVE,0
x_tweet_1545,x,2025-10-04 18:00:00+00:00,28,404,0.023454,USD,QUARANTINED,ACTIVE,0
x_tweet_1205,x,2025-12-04 18:00:00+00:00,3,177,0.022886,USD,QUARANTINED,ACTIVE,0
x_tweet_1389,x,2025-11-04 08:00:00+00:00,358,223,0.190657,USD,QUARANTINED,ACTIVE,0
x_tweet_1950,x,2025-12-21 12:00:00+00:00,8,94,0.058326,USD,QUARANTINED,ACTIVE,0
x_tweet_845,x,2025-12-12 03:00:00+00:00,2,186,0.051693,USD,QUARANTINED,ACTIVE,0
li_cre_1289,linkedin,2026-01-03 04:00:00+00:00,5,76,0.141798,SGD,QUARANTINED,LIMITED,0
li_cre_657,linkedin,2025-10-31 12:00:00+00:00,11,309,0.245612,PHP,QUARANTINED,ACTIVE,19
li_cre_1552,linkedin,2025-09-20 20:00:00+00:00,39,306,0.060274,EUR,QUARANTINED,ARCHIVED,0
li_cre_174,linkedin,2026-01-12 18:00:00+00:00,1,103,0.174663,PHP,QUARANTINED,LIMITED,0
li_cre_1727,linkedin,2025-12-09 17:00:00+00:00,9,155,0.051861,SGD,QUARANTINED,ACTIVE,0
li_cre_439,linkedin,2026-01-03 23:00:00+00:00,299,185,0.151915,SGD,QUARANTINED,ACTIVE,16
li_cre_2593,linkedin,2025-12-29 10:00:00+00:00,8,239,0.244753,PHP,QUARANTINED,ACTIVE,0
li_cre_2627,linkedin,2025-11-25 12:00:00+00:00,2,166,0.336949,PHP,QUARANTINED,ACTIVE,0
li_cre_795,linkedin,2025-12-03 17:00:00+00:00,7,126,0.130385,USD,QUARANTINED,ACTIVE,0
li_cre_602,linkedin,2025-11-11 06:00:00+00:00,14,250,0.106996,PHP,QUARANTINED,PAUSED,87
li_cre_169,linkedin,2026-01-05 04:00:00+00:00,196,47,0.029295,USD,QUARANTINED,ARCHIVED,0
li_cre_908,linkedin,2026-01-02 02:00:00+00:00,7,198,0.198932,USD,QUARANTINED,DRAFT,79
li_cre_1122,linkedin,2025-10-20 08:00:00+00:00,0,73,0.03679,PHP,QUARANTINED,ACTIVE,19
li_cre_97,linkedin,2025-12-12 04:00:00+00:00,482,300,0.117273,USD,QUARANTINED,ACTIVE,0
li_cre_2782,linkedin,2025-10-06 02:00:00+00:00,2,178,0.088926,PHP,QUARANTINED,ACTIVE,59
li_cre_1340,linkedin,2025-12-16 14:00:00+00:00,5,162,0.046328,AUD,QUARANTINED,ACTIVE,0
li_cre_848,linkedin,2025-11-30 19:00:00+00:00,31,703,0.557841,PHP,QUARANTINED,ACTIVE,0
li_cre_1910,linkedin,2025-11-15 10:00:00+00:00,2,114,0.357754,PHP,QUARANTINED,ACTIVE,0
li_cre_2209,linkedin,2025-11-19 11:00:00+00:00,1,134,0.083963,PHP,QUARANTINED,LIMITED,0
li_cre_1334,linkedin,2025-10-30 22:00:00+00:00,73,804,0.18278,SGD,QUARANTINED,ACTIVE,139
li_cre_294,linkedin,2025-12-18 07:00:00+00:00,1,105,0.015686,USD,QUARANTINED,ACTIVE,0
li_cre_995,linkedin,2025-09-23 17:00:00+00:00,9,155,0.180807,PHP,QUARANTINED,ACTIVE,0
li_cre_1657,linkedin,2025-11-04 03:00:00+00:00,2,71,0.014564,EUR,QUARANTINED,ACTIVE,0
li_cre_397,linkedin,2025-11-01 04:00:00+00:00,21,514,0.161407,USD,QUARANTINED,ACTIVE,115
li_cre_759,linkedin,2026-01-16 22:00:00+00:00,5,173,0.030876,EUR,QUARANTINED,ACTIVE,0
li_cre_567,linkedin,2025-10-05 20:00:00+00:00,21,484,0.491821,USD,QUARANTINED,PAUSED,0
li_cre_765,linkedin,2025-09-23 17:00:00+00:00,15,240,0.15014,USD,QUARANTINED,ACTIVE,0
li_cre_1848,linkedin,2025-11-30 21:00:00+00:00,3,275,0.12799,USD,QUARANTINED,PAUSED,0
li_cre_368,linkedin,2025-10-08 02:00:00+00:00,14,183,0.029441,AUD,QUARANTINED,ACTIVE,0
li_cre_1603,linkedin,2026-01-09 07:00:00+00:00,2,122,0.102627,PHP,QUARANTINED,ACTIVE,0
li_cre_1428,linkedin,2025-09-25 17:00:00+00:00,5,294,0.132375,EUR,QUARANTINED,PAUSED,0
li_cre_1173,linkedin,2025-09-19 07:00:00+00:00,0,40,0.007467,SGD,QUARANTINED,ARCHIVED,0
li_cre_2643,linkedin,2025-11-15 17:00:00+00:00,19,537,0.167271,PHP,QUARANTINED,ACTIVE,0
li_cre_363,linkedin,2026-01-05 16:00:00+00:00,0,44,0.030987,PHP,QUARANTINED,ACTIVE,0
li_cre_2128,linkedin,2026-01-08 00:00:00+00:00,3,97,0.028896,USD,QUARANTINED,ACTIVE,2
li_cre_2435,linkedin,2025-12-03 04:00:00+00:00,8,156,0.120438,USD,QUARANTINED,ACTIVE,0
li_cre_2512,linkedin,2026-01-15 05:00:00+00:00,116,67,0.010806,PHP,QUARANTINED,ACTIVE,0
li_cre_2024,linkedin,2025-11-26 23:00:00+00:00,1,134,0.170069,USD,QUARANTINED,ACTIVE,36
li_cre_344,linkedin,2025-11-27 07:00:00+00:00,5,377,0.058139,PHP,QUARANTINED,ACTIVE,0
li_cre_2252,linkedin,2025-11-21 10:00:00+00:00,3,511,0.364672,EUR,QUARANTINED,PAUSED,0
li_cre_2602,linkedin,2025-11-16 10:00:00+00:00,8,80,0.038298,USD,QUARANTINED,ACTIVE,21
li_cre_599,linkedin,2025-12-18 04:00:00+00:00,4,306,0.207539,USD,QUARANTINED,ACTIVE,42
li_cre_1794,linkedin,2025-09-25 01:00:00+00:00,2,145,0.115619,PHP,QUARANTINED,ACTIVE,47
li_cre_1392,linkedin,2025-11-02 12:00:00+00:00,40,488,0.384649,PHP,QUARANTINED,ACTIVE,0
li_cre_945,linkedin,2025-11-12 13:00:00+00:00,8,308,0.121303,AUD,QUARANTINED,ACTIVE,0
li_cre_1130,linkedin,2025-12-18 02:00:00+00:00,6,303,0.464599,USD,QUARANTINED,PAUSED,0
li_cre_2767,linkedin,2025-12-15 23:00:00+00:00,1,387,0.086318,USD,QUARANTINED,ACTIVE,161
li_cre_1646,linkedin,2025-09-24 19:00:00+00:00,5,105,0.037151,PHP,QUARANTINED,ACTIVE,0
li_cre_439,linkedin,2025-12-28 17:00:00+00:00,2,385,0.11094,SGD,QUARANTINED,LIMITED,0
li_cre_1743,linkedin,2025-12-12 02:00:00+00:00,48,441,0.375373,USD,QUARANTINED,ACTIVE,36
li_cre_24,linkedin,2025-11-15 23:00:00+00:00,18,369,0.398113,PHP,QUARANTINED,PAUSED,0
li_cre_1728,linkedin,2026-01-11 09:00:00+00:00,299,122,0.136171,PHP,QUARANTINED,LIMITED,22
li_cre_1868,linkedin,2025-11-23 13:00:00+00:00,4,215,0.104166,USD,QUARANTINED,ACTIVE,56
li_cre_836,linkedin,2025-12-15 18:00:00+00:00,1,109,0.049739,USD,QUARANTINED,DISAPPROVED,0
li_cre_1023,linkedin,2025-12-28 18:00:00+00:00,13,76,0.047648,PHP,QUARANTINED,DRAFT,14
li_cre_635,linkedin,2025-10-11 18:00:00+00:00,94,51,0.010622,AUD,QUARANTINED,DRAFT,8
li_cre_1076,linkedin,2025-10-25 12:00:00+00:00,5,87,0.064384,EUR,QUARANTINED,DISAPPROVED,0
li_cre_2128,linkedin,2026-01-08 00:00:00+00:00,3,97,0.028896,USD,QUARANTINED,ACTIVE,2
li_cre_1340,linkedin,2025-12-16 14:00:00+00:00,5,162,0.046328,AUD,QUARANTINED,ACTIVE,0
snap_ad_1304,snapchat,2025-09-22 02:00:00+00:00,2,350,0.118847,SGD,QUARANTINED,ACTIVE,174
snap_ad_543,snapchat,2025-11-22 00:00:00+00:00,253,210,0.136261,PHP,QUARANTINED,ACTIVE,40
snap_ad_2349,snapchat,2025-09-19 05:00:00+00:00,20,941,0.334299,PHP,QUARANTINED,ACTIVE,263
snap_ad_673,snapchat,2025-11-16 12:00:00+00:00,1,326,0.206837,USD,QUARANTINED,ACTIVE,89
snap_ad_937,snapchat,2025-11-14 20:00:00+00:00,1,163,0.116418,PHP,QUARANTINED,ARCHIVED,49
snap_ad_1917,snapchat,2025-10-24 17:00:00+00:00,1,107,0.24685,AUD,QUARANTINED,ACTIVE,16
snap_ad_989,snapchat,2025-10-25 21:00:00+00:00,57,98,0.032632,PHP,QUARANTINED,ACTIVE,0
snap_ad_1120,snapchat,2025-10-29 22:00:00+00:00,5,443,0.170016,AUD,QUARANTINED,LIMITED,89
snap_ad_596,snapchat,2025-10-19 11:00:00+00:00,4,125,0.087919,USD,QUARANTINED,ACTIVE,0
snap_ad_208,snapchat,2025-11-17 01:00:00+00:00,17,337,0.100131,PHP,QUARANTINED,DRAFT,89
snap_ad_765,snapchat,2025-11-19 15:00:00+00:00,6,588,0.309114,USD,QUARANTINED,ACTIVE,0
snap_ad_14,snapchat,2025-09-25 06:00:00+00:00,7,191,0.195791,PHP,QUARANTINED,LIMITED,22
snap_ad_994,snapchat,2025-10-02 09:00:00+00:00,1,370,0.307082,PHP,QUARANTINED,ACTIVE,108
snap_ad_1942,snapchat,2025-10-07 18:00:00+00:00,100,83,0.036512,SGD,QUARANTINED,ACTIVE,0
snap_ad_1755,snapchat,2025-11-08 15:00:00+00:00,0,137,0.07592,AUD,QUARANTINED,ACTIVE,21
snap_ad_1896,snapchat,2025-12-21 11:00:00+00:00,5,196,0.182179,EUR,QUARANTINED,ACTIVE,13
snap_ad_1510,snapchat,2025-09-21 23:00:00+00:00,4,211,0.133477,USD,QUARANTINED,ACTIVE,0
snap_ad_555,snapchat,2025-11-10 19:00:00+00:00,17,559,0.448459,USD,QUARANTINED,ACTIVE,267
snap_ad_1457,snapchat,2025-11-20 07:00:00+00:00,16,229,0.189052,PHP,QUARANTINED,ACTIVE,26
snap_ad_1599,snapchat,2026-01-08 01:00:00+00:00,14,175,0.250862,PHP,QUARANTINED,ARCHIVED,55
snap_ad_1613,snapchat,2025-10-27 03:00:00+00:00,1,97,0.063359,PHP,QUARANTINED,ACTIVE,14
snap_ad_2005,snapchat,2025-12-20 02:00:00+00:00,1,188,0.049696,USD,QUARANTINED,ACTIVE,17
snap_ad_755,snapchat,2025-09-28 21:00:00+00:00,0,48,0.064202,USD,QUARANTINED,ACTIVE,0
snap_ad_440,snapchat,2025-11-12 01:00:00+00:00,1,83,0.036211,SGD,QUARANTINED,ACTIVE,0
snap_ad_1726,snapchat,2025-11-22 04:00:00+00:00,3,414,0.138318,SGD,QUARANTINED,PAUSED,0
snap_ad_1533,snapchat,2025-12-06 14:00:00+00:00,2,116,0.047271,USD,QUARANTINED,PAUSED,0
snap_ad_194,snapchat,2025-09-19 23:00:00+00:00,0,212,-0.077813,USD,QUARANTINED,DISAPPROVED,0
snap_ad_128,snapchat,2025-11-09 15:00:00+00:00,79,122,0.12748,PHP,QUARANTINED,DISAPPROVED,9
snap_ad_221,snapchat,2025-09-24 03:00:00+00:00,265,281,0.138812,PHP,QUARANTINED,ACTIVE,0
snap_ad_75,snapchat,2025-11-23 01:00:00+00:00,52,1835,1.560898,PHP,QUARANTINED,ACTIVE,1029
snap_ad_122,snapchat,2025-12-27 22:00:00+00:00,6,253,0.047472,PHP,QUARANTINED,ACTIVE,66
snap_ad_1151,snapchat,2026-01-09 12:00:00+00:00,2,178,0.206292,PHP,QUARANTINED,LIMITED,0
snap_ad_2128,snapchat,2025-10-20 23:00:00+00:00,1,246,0.347135,USD,QUARANTINED,PAUSED,0
snap_ad_300,snapchat,2026-01-05 06:00:00+00:00,15,632,0.120686,PHP,QUARANTINED,ACTIVE,117
snap_ad_1818,snapchat,2025-11-04 06:00:00+00:00,7,95,0.124201,SGD,QUARANTINED,LIMITED,0
snap_ad_609,snapchat,2025-09-23 19:00:00+00:00,3,180,0.086251,USD,QUARANTINED,ACTIVE,20
snap_ad_1190,snapchat,2026-01-09 03:00:00+00:00,6,115,0.045972,USD,QUARANTINED,ACTIVE,0
snap_ad_1017,snapchat,2025-10-12 23:00:00+00:00,0,73,0.038314,USD,QUARANTINED,ACTIVE,25
snap_ad_617,snapchat,2025-11-11 20:00:00+00:00,0,153,0.133895,USD,QUARANTINED,PAUSED,0
snap_ad_2058,snapchat,2025-10-29 19:00:00+00:00,6,80,0.06683,PHP,QUARANTINED,ACTIVE,6
snap_ad_2338,snapchat,2025-09-25 21:00:00+00:00,1,241,0.166587,PHP,QUARANTINED,ARCHIVED,54
snap_ad_2345,snapchat,2026-01-05 14:00:00+00:00,1,55,0.062903,USD,QUARANTINED,ACTIVE,0
snap_ad_1155,snapchat,2025-12-13 04:00:00+00:00,1,115,0.131211,PHP,QUARANTINED,PAUSED,0
snap_ad_2162,snapchat,2025-12-04 15:00:00+00:00,3,326,0.363667,PHP,QUARANTINED,ACTIVE,68
snap_ad_2062,snapchat,2025-12-19 13:00:00+00:00,258,200,0.214453,USD,QUARANTINED,ACTIVE,0
snap_ad_972,snapchat,2025-12-07 10:00:00+00:00,3,278,0.053208,PHP,QUARANTINED,ACTIVE,112
snap_ad_189,snapchat,2025-12-18 14:00:00+00:00,2,174,0.124701,PHP,QUARANTINED,ACTIVE,0
snap_ad_206,snapchat,2025-10-03 13:00:00+00:00,159,110,0.064909,USD,QUARANTINED,ACTIVE,0
snap_ad_1591,snapchat,2025-10-13 16:00:00+00:00,20,475,0.361359,PHP,QUARANTINED,ACTIVE,0
snap_ad_2169,snapchat,2025-10-14 23:00:00+00:00,2,254,0.421093,USD,QUARANTINED,ACTIVE,0
snap_ad_966,snapchat,2025-11-25 06:00:00+00:00,5,169,0.216691,PHP,QUARANTINED,ACTIVE,33
snap_ad_1166,snapchat,2025-11-06 15:00:00+00:00,7,144,0.113343,USD,QUARANTINED,ACTIVE,69
snap_ad_1919,snapchat,2026-01-01 12:00:00+00:00,4,109,0.037965,PHP,QUARANTINED,ACTIVE,35
snap_ad_701,snapchat,2025-09-28 07:00:00+00:00,56,202,0.239983,PHP,QUARANTINED,ACTIVE,74
snap_ad_1419,snapchat,2025-10-28 07:00:00+00:00,7,119,0.105923,PHP,QUARANTINED,ACTIVE,0
snap_ad_1169,snapchat,2025-12-11 08:00:00+00:00,8,346,0.403532,AUD,QUARANTINED,ACTIVE,84
snap_ad_1099,snapchat,2025-10-01 23:00:00+00:00,11,163,0.027237,PHP,QUARANTINED,ACTIVE,21
snap_ad_29,snapchat,2025-12-07 11:00:00+00:00,9,279,0.506017,PHP,QUARANTINED,ACTIVE,11
snap_ad_944,snapchat,2025-12-05 10:00:00+00:00,0,34,0.011491,USD,QUARANTINED,PAUSED,18
snap_ad_2055,snapchat,2025-11-06 23:00:00+00:00,4,78,0.021795,PHP,QUARANTINED,DRAFT,23
snap_ad_1651,snapchat,2025-10-15 12:00:00+00:00,7,310,0.132392,PHP,QUARANTINED,ACTIVE,23
snap_ad_1256,snapchat,2025-10-16 23:00:00+00:00,2,167,0.180431,USD,QUARANTINED,ACTIVE,82
snap_ad_352,snapchat,2025-11-16 15:00:00+00:00,225,120,0.080328,USD,QUARANTINED,ACTIVE,0
snap_ad_484,snapchat,2025-09-22 19:00:00+00:00,5,916,0.985744,PHP,QUARANTINED,ACTIVE,0
snap_ad_1055,snapchat,2025-09-19 14:00:00+00:00,0,98,0.036715,PHP,QUARANTINED,DRAFT,18
snap_ad_4,snapchat,2025-12-23 04:00:00+00:00,7,417,0.136111,PHP,QUARANTINED,ACTIVE,0
snap_ad_1959,snapchat,2025-10-05 04:00:00+00:00,3,224,0.425886,PHP,QUARANTINED,DRAFT,69
snap_ad_1610,snapchat,2025-12-14 14:00:00+00:00,2,97,0.09256,PHP,QUARANTINED,ACTIVE,35
snap_ad_305,snapchat,2025-11-08 19:00:00+00:00,4,245,0.113054,USD,QUARANTINED,DRAFT,80
snap_ad_634,snapchat,2025-10-27 22:00:00+00:00,383,244,0.124145,SGD,QUARANTINED,ACTIVE,0
snap_ad_1215,snapchat,2026-01-02 04:00:00+00:00,0,51,0.026694,USD,QUARANTINED,ACTIVE,17
snap_ad_1560,snapchat,2025-10-09 10:00:00+00:00,0,132,0.181283,EUR,QUARANTINED,LIMITED,22
snap_ad_163,snapchat,2025-12-26 10:00:00+00:00,6,422,0.159908,USD,QUARANTINED,ACTIVE,34
snap_ad_833,snapchat,2025-11-17 18:00:00+00:00,1,81,0.035974,USD,QUARANTINED,DISAPPROVED,11
snap_ad_1896,snapchat,2025-10-24 18:00:00+00:00,16,348,0.306844,USD,QUARANTINED,ACTIVE,0
snap_ad_1324,snapchat,2025-12-19 02:00:00+00:00,0,122,0.004204,PHP,QUARANTINED,ACTIVE,0
snap_ad_407,snapchat,2025-10-14 18:00:00+00:00,2,161,0.106597,PHP,QUARANTINED,PAUSED,11
snap_ad_208,snapchat,2025-11-17 01:00:00+00:00,17,337,0.100131,PHP,QUARANTINED,DRAFT,89
snap_ad_484,snapchat,2025-09-22 19:00:00+00:00,5,916,0.985744,PHP,QUARANTINED,ACTIVE,0
None,pinterest,2025-09-29 10:00:00+00:00,2,839,0.627362,PHP,QUARANTINED,ACTIVE,0
pin_1062,pinterest,2025-10-18 16:00:00+00:00,39,318,0.202067,PHP,QUARANTINED,ACTIVE,0
None,pinterest,2025-12-30 20:00:00+00:00,0,100,0.025427,SGD,QUARANTINED,ACTIVE,0
None,pinterest,2025-12-14 03:00:00+00:00,6,123,0.100515,USD,QUARANTINED,PAUSED,0
pin_2066,pinterest,2025-12-31 07:00:00+00:00,12,196,0.030696,USD,QUARANTINED,DRAFT,0
pin_3408,pinterest,2026-01-02 18:00:00+00:00,1,52,0.01418,AUD,QUARANTINED,LIMITED,0
None,pinterest,2025-11-26 14:00:00+00:00,8,217,0.300565,AUD,QUARANTINED,ACTIVE,0
pin_3373,pinterest,2026-01-04 12:00:00+00:00,5,263,0.14233,USD,QUARANTINED,ACTIVE,0
None,pinterest,2025-12-22 03:00:00+00:00,241,127,0.063534,PHP,QUARANTINED,ACTIVE,0
pin_3682,pinterest,2025-10-19 12:00:00+00:00,45,488,0.203725,USD,QUARANTINED,ACTIVE,0
None,pinterest,2025-12-27 17:00:00+00:00,11,106,0.145383,USD,QUARANTINED,ACTIVE,0
pin_510,pinterest,2025-11-04 19:00:00+00:00,16,198,0.248829,PHP,QUARANTINED,ACTIVE,0
pin_1452,pinterest,2025-11-24 07:00:00+00:00,8,139,0.089462,USD,QUARANTINED,ACTIVE,0
pin_1801,pinterest,2025-11-18 16:00:00+00:00,0,135,0.045074,AUD,QUARANTINED,ACTIVE,0
pin_2091,pinterest,2026-01-08 12:00:00+00:00,2,126,0.023442,PHP,QUARANTINED,ACTIVE,0
pin_1298,pinterest,2025-09-25 00:00:00+00:00,1,120,0.191235,PHP,QUARANTINED,ACTIVE,0
pin_240,pinterest,2025-09-20 06:00:00+00:00,210,128,0.057671,PHP,QUARANTINED,ACTIVE,0
None,pinterest,2025-12-08 01:00:00+00:00,10,303,0.056835,PHP,QUARANTINED,ACTIVE,0
pin_2867,pinterest,2025-10-25 14:00:00+00:00,30,695,0.80174,PHP,QUARANTINED,DISAPPROVED,0
pin_309,pinterest,2025-12-28 09:00:00+00:00,3,53,0.060138,AUD,QUARANTINED,ACTIVE,0
None,pinterest,2025-11-27 01:00:00+00:00,47,538,0.269236,PHP,QUARANTINED,ACTIVE,0
pin_911,pinterest,2025-10-10 20:00:00+00:00,17,182,0.348735,AUD,QUARANTINED,ACTIVE,0
pin_989,pinterest,2025-11-19 18:00:00+00:00,287,132,0.115182,PHP,QUARANTINED,ACTIVE,0
None,pinterest,2025-10-18 05:00:00+00:00,7,190,-0.196101,USD,QUARANTINED,PAUSED,0
pin_3761,pinterest,2025-11-09 19:00:00+00:00,5,103,0.059171,USD,QUARANTINED,ACTIVE,0
pin_2462,pinterest,2026-01-04 08:00:00+00:00,27,174,0.097939,PHP,QUARANTINED,LIMITED,0
None,pinterest,2025-12-17 15:00:00+00:00,260,88,0.094221,PHP,QUARANTINED,PAUSED,0
pin_1382,pinterest,2025-11-15 23:00:00+00:00,3,121,0.149458,USD,QUARANTINED,LIMITED,0
None,pinterest,2025-11-11 21:00:00+00:00,1,144,0.044604,USD,QUARANTINED,ACTIVE,0
None,pinterest,2025-12-23 08:00:00+00:00,9,153,0.212423,AUD,QUARANTINED,ACTIVE,0
pin_1449,pinterest,2025-10-06 11:00:00+00:00,2,124,0.218208,PHP,QUARANTINED,PAUSED,0
None,pinterest,2025-11-12 12:00:00+00:00,27,532,0.216176,PHP,QUARANTINED,LIMITED,0
None,pinterest,2025-11-03 19:00:00+00:00,3,110,0.167272,PHP,QUARANTINED,PAUSED,0
None,pinterest,2025-10-10 10:00:00+00:00,267,151,0.062999,PHP,QUARANTINED,PAUSED,0
pin_825,pinterest,2026-01-02 08:00:00+00:00,350,163,0.178607,USD,QUARANTINED,DRAFT,0
pin_3635,pinterest,2025-10-27 08:00:00+00:00,9,79,0.04684,PHP,QUARANTINED,DISAPPROVED,0
pin_3120,pinterest,2025-11-29 07:00:00+00:00,6,110,0.068201,EUR,QUARANTINED,ACTIVE,0
pin_2405,pinterest,2025-10-03 01:00:00+00:00,163,65,0.076658,PHP,QUARANTINED,PAUSED,0
pin_3032,pinterest,2025-11-05 11:00:00+00:00,8,107,0.055573,AUD,QUARANTINED,ACTIVE,0
pin_237,pinterest,2025-10-09 23:00:00+00:00,4,75,0.049137,USD,QUARANTINED,ACTIVE,0
pin_287,pinterest,2025-11-29 11:00:00+00:00,347,174,0.131515,PHP,QUARANTINED,ACTIVE,0
pin_3540,pinterest,2026-01-15 19:00:00+00:00,0,347,0.362321,PHP,QUARANTINED,PAUSED,0
pin_309,pinterest,2025-10-29 15:00:00+00:00,7,169,0.083787,USD,QUARANTINED,ACTIVE,0
None,pinterest,2025-10-12 02:00:00+00:00,13,119,0.017189,PHP,QUARANTINED,ACTIVE,0
None,pinterest,2025-12-08 03:00:00+00:00,31,624,0.056484,PHP,QUARANTINED,DRAFT,0
pin_2511,pinterest,2025-09-27 11:00:00+00:00,0,34,0.006945,USD,QUARANTINED,ACTIVE,0
None,pinterest,2025-10-19 14:00:00+00:00,0,63,0.077943,USD,QUARANTINED,PAUSED,0
None,pinterest,2026-01-13 07:00:00+00:00,3,123,0.145991,USD,QUARANTINED,PAUSED,0
None,pinterest,2025-11-28 23:00:00+00:00,165,99,0.100804,USD,QUARANTINED,ACTIVE,0
None,pinterest,2025-12-01 13:00:00+00:00,9,120,0.098784,PHP,QUARANTINED,ACTIVE,0
None,pinterest,2026-01-13 21:00:00+00:00,3,157,0.035913,PHP,QUARANTINED,ACTIVE,0
pin_3415,pinterest,2025-11-05 08:00:00+00:00,2,93,0.05378,PHP,QUARANTINED,ACTIVE,0
None,pinterest,2025-09-27 18:00:00+00:00,0,60,0.061692,USD,QUARANTINED,ACTIVE,0
None,pinterest,2025-11-24 18:00:00+00:00,1,272,0.105229,PHP,QUARANTINED,ACTIVE,0
None,pinterest,2025-10-12 06:00:00+00:00,15,692,1.003657,AUD,QUARANTINED,ACTIVE,0
None,pinterest,2025-12-16 10:00:00+00:00,6,117,0.036474,USD,QUARANTINED,ACTIVE,0
pin_3168,pinterest,2025-12-20 11:00:00+00:00,4,102,0.034847,PHP,QUARANTINED,ACTIVE,0
None,pinterest,2026-01-06 07:00:00+00:00,7,166,0.094178,USD,QUARANTINED,ACTIVE,0
None,pinterest,2026-01-07 06:00:00+00:00,4,204,0.044835,USD,QUARANTINED,ACTIVE,0
pin_1626,pinterest,2025-10-23 06:00:00+00:00,123,2276,3.599451,PHP,QUARANTINED,ACTIVE,0
None,pinterest,2025-11-06 10:00:00+00:00,19,570,0.472002,USD,QUARANTINED,DISAPPROVED,0
None,pinterest,2025-11-26 02:00:00+00:00,1,224,0.067629,USD,QUARANTINED,ACTIVE,0
None,pinterest,2025-10-09 14:00:00+00:00,9,156,0.091838,SGD,QUARANTINED,ACTIVE,0
None,pinterest,2025-12-02 00:00:00+00:00,4,299,0.959279,PHP,QUARANTINED,PAUSED,0
None,pinterest,2025-10-17 12:00:00+00:00,14,267,0.101161,EUR,QUARANTINED,ACTIVE,0
None,pinterest,2025-11-20 18:00:00+00:00,2,161,0.04933,PHP,QUARANTINED,ACTIVE,0
None,pinterest,2026-01-06 01:00:00+00:00,7,442,0.204734,PHP,QUARANTINED,ACTIVE,0
pin_1678,pinterest,2026-01-01 02:00:00+00:00,1,203,0.044482,PHP,QUARANTINED,ACTIVE,0
pin_172,pinterest,2026-01-06 05:00:00+00:00,13,175,0.182634,USD,QUARANTINED,ACTIVE,0
None,pinterest,2026-01-07 13:00:00+00:00,200,52,0.023372,PHP,QUARANTINED,ACTIVE,0
pin_3760,pinterest,2025-10-19 01:00:00+00:00,311,193,0.16491,PHP,QUARANTINED,ACTIVE,0
None,pinterest,2025-12-03 01:00:00+00:00,0,84,0.091179,SGD,QUARANTINED,ACTIVE,0
pin_1832,pinterest,2025-10-04 03:00:00+00:00,22,346,0.079105,PHP,QUARANTINED,ACTIVE,0
pin_623,pinterest,2025-12-23 17:00:00+00:00,185,80,0.058751,PHP,QUARANTINED,ACTIVE,0
None,pinterest,2025-12-13 23:00:00+00:00,7,299,0.172002,USD,QUARANTINED,ACTIVE,0
pin_1546,pinterest,2025-09-27 21:00:00+00:00,0,140,0.088786,PHP,QUARANTINED,ACTIVE,0
pin_3248,pinterest,2026-01-05 06:00:00+00:00,3,249,0.352126,PHP,QUARANTINED,ACTIVE,0
None,pinterest,2025-12-13 23:00:00+00:00,7,299,0.172002,USD,QUARANTINED,ACTIVE,0
gg_ad_1292,youtube,2025-12-30 19:00:00+00:00,2,65,0.026643,USD,QUARANTINED,ENABLED,16
gg_ad_2145,youtube,2026-01-11 07:00:00+00:00,183,79,0.04016,USD,QUARANTINED,ENABLED,12
gg_ad_2458,youtube,2025-12-10 00:00:00+00:00,138,90,-0.010444,USD,QUARANTINED,ENABLED,12
None,youtube,2025-09-26 07:00:00+00:00,6,100,0.070003,USD,QUARANTINED,ENABLED,17
gg_ad_1510,youtube,2025-12-20 21:00:00+00:00,26,374,1.00051,USD,QUARANTINED,DRAFT,87
gg_ad_1892,youtube,2025-12-07 21:00:00+00:00,281,154,0.196032,USD,QUARANTINED,ENABLED,79
gg_ad_667,youtube,2026-01-14 10:00:00+00:00,359,236,0.27896,USD,QUARANTINED,ENABLED,44
gg_ad_1190,youtube,2026-01-14 19:00:00+00:00,2,128,0.015652,USD,QUARANTINED,ENABLED,41
gg_ad_25,youtube,2025-10-02 10:00:00+00:00,3,120,0.143353,USD,QUARANTINED,ENABLED,1
None,youtube,2025-11-15 16:00:00+00:00,7,197,0.080167,USD,QUARANTINED,LIMITED,92
gg_ad_2161,youtube,2026-01-05 07:00:00+00:00,2,107,0.018555,USD,QUARANTINED,ENABLED,16
gg_ad_2453,youtube,2025-11-15 14:00:00+00:00,4,358,0.139813,USD,QUARANTINED,ENABLED,85
gg_ad_265,youtube,2026-01-10 22:00:00+00:00,7,71,0.033081,USD,QUARANTINED,PAUSED,14
gg_ad_2059,youtube,2025-12-22 04:00:00+00:00,7,477,0.267594,USD,QUARANTINED,ENABLED,84
gg_ad_1222,youtube,2025-12-03 08:00:00+00:00,222,126,0.250573,USD,QUARANTINED,DRAFT,32
gg_ad_139,youtube,2026-01-08 08:00:00+00:00,2,231,0.183176,USD,QUARANTINED,ENABLED,25
gg_ad_966,youtube,2026-01-02 20:00:00+00:00,5,742,0.644258,USD,QUARANTINED,ENABLED,135
gg_ad_556,youtube,2025-12-01 10:00:00+00:00,3,120,0.054874,USD,QUARANTINED,LIMITED,0
gg_ad_2176,youtube,2025-10-12 20:00:00+00:00,0,101,0.179877,USD,QUARANTINED,ENABLED,33
gg_ad_2199,youtube,2025-12-12 19:00:00+00:00,2,50,0.005709,USD,QUARANTINED,PAUSED,11
gg_ad_1035,youtube,2025-10-16 01:00:00+00:00,4,181,0.033933,USD,QUARANTINED,ENABLED,21
gg_ad_1554,youtube,2025-12-16 11:00:00+00:00,5,105,0.034601,USD,QUARANTINED,ENABLED,14
None,youtube,2025-12-30 19:00:00+00:00,5,51,0.054334,USD,QUARANTINED,PAUSED,0
gg_ad_1569,youtube,2025-11-08 01:00:00+00:00,6,398,0.233411,USD,QUARANTINED,LIMITED,66
gg_ad_301,youtube,2025-10-07 05:00:00+00:00,21,436,0.088491,USD,QUARANTINED,PAUSED,71
gg_ad_1735,youtube,2025-10-24 11:00:00+00:00,2,49,0.009508,USD,QUARANTINED,ENABLED,6
gg_ad_70,youtube,2025-11-04 10:00:00+00:00,46,471,0.525287,USD,QUARANTINED,ENABLED,67
gg_ad_869,youtube,2026-01-02 12:00:00+00:00,5,309,0.061741,USD,QUARANTINED,ENABLED,35
None,youtube,2025-10-23 11:00:00+00:00,9,91,0.013329,USD,QUARANTINED,ENABLED,35
gg_ad_308,youtube,2025-11-29 19:00:00+00:00,5,316,0.088342,USD,QUARANTINED,ENABLED,80
gg_ad_658,youtube,2025-12-12 10:00:00+00:00,201,107,0.01098,USD,QUARANTINED,REMOVED,0
gg_ad_1466,youtube,2025-10-17 12:00:00+00:00,5,172,-0.006015,USD,QUARANTINED,DISAPPROVED,24
gg_ad_1677,youtube,2025-09-30 12:00:00+00:00,2,153,0.031367,USD,QUARANTINED,PAUSED,60
gg_ad_481,youtube,2025-12-05 14:00:00+00:00,2,57,0.064442,USD,QUARANTINED,ENABLED,0
gg_ad_381,youtube,2025-10-05 16:00:00+00:00,6,104,0.077936,USD,QUARANTINED,ENABLED,9
None,youtube,2025-11-13 14:00:00+00:00,266,68,0.012101,USD,QUARANTINED,PAUSED,6
gg_ad_263,youtube,2025-10-25 11:00:00+00:00,5,164,0.241054,USD,QUARANTINED,ENABLED,9
gg_ad_2036,youtube,2025-11-23 21:00:00+00:00,15,157,0.056316,USD,QUARANTINED,ENABLED,27
gg_ad_2167,youtube,2025-09-24 06:00:00+00:00,2,185,0.116802,USD,QUARANTINED,PAUSED,65
gg_ad_1811,youtube,2025-11-02 12:00:00+00:00,10,287,0.120856,USD,QUARANTINED,ENABLED,90
None,youtube,2025-11-12 16:00:00+00:00,6,103,0.204235,USD,QUARANTINED,DISAPPROVED,42
gg_ad_736,youtube,2025-12-04 03:00:00+00:00,25,199,0.083494,USD,QUARANTINED,ENABLED,79
gg_ad_2050,youtube,2025-12-31 12:00:00+00:00,13,606,0.69243,USD,QUARANTINED,ENABLED,41
gg_ad_313,youtube,2025-12-26 22:00:00+00:00,0,39,0.015008,USD,QUARANTINED,ENABLED,0
gg_ad_2327,youtube,2025-09-20 14:00:00+00:00,5,125,0.064825,USD,QUARANTINED,ENABLED,16
gg_ad_2363,youtube,2026-01-11 04:00:00+00:00,4,161,0.017013,USD,QUARANTINED,LIMITED,64
gg_ad_2076,youtube,2026-01-07 19:00:00+00:00,4,197,0.215713,USD,QUARANTINED,ENABLED,66
None,youtube,2025-12-10 09:00:00+00:00,263,125,0.054167,USD,QUARANTINED,ENABLED,22
gg_ad_134,youtube,2025-11-04 01:00:00+00:00,10,405,0.357841,USD,QUARANTINED,ENABLED,0
gg_ad_1482,youtube,2025-12-23 05:00:00+00:00,29,430,0.240635,USD,QUARANTINED,ENABLED,0
None,youtube,2025-11-20 20:00:00+00:00,2,107,0.09,USD,QUARANTINED,ENABLED,32
gg_ad_623,youtube,2025-09-21 00:00:00+00:00,10,285,0.122956,USD,QUARANTINED,PAUSED,0
gg_ad_2057,youtube,2025-09-22 22:00:00+00:00,396,255,0.278097,USD,QUARANTINED,ENABLED,16
None,youtube,2025-10-12 17:00:00+00:00,552,363,0.05237,USD,QUARANTINED,ENABLED,35
gg_ad_2235,youtube,2025-12-24 08:00:00+00:00,5,215,0.234082,USD,QUARANTINED,DRAFT,115
None,youtube,2025-09-26 18:00:00+00:00,13,115,0.042236,USD,QUARANTINED,LIMITED,28
gg_ad_780,youtube,2025-10-21 01:00:00+00:00,7,629,0.326613,USD,QUARANTINED,ENABLED,212
gg_ad_2498,youtube,2025-10-08 09:00:00+00:00,6,241,0.235315,USD,QUARANTINED,ENABLED,62
gg_ad_2407,youtube,2025-10-04 12:00:00+00:00,40,1006,0.796503,USD,QUARANTINED,LIMITED,222
gg_ad_2031,youtube,2025-12-10 01:00:00+00:00,5,155,0.039335,USD,QUARANTINED,ENABLED,12
gg_ad_578,youtube,2025-10-13 17:00:00+00:00,12,1155,0.962136,USD,QUARANTINED,ENABLED,225
None,youtube,2025-10-30 03:00:00+00:00,445,282,0.184953,USD,QUARANTINED,ENABLED,56
gg_ad_1082,youtube,2025-12-17 16:00:00+00:00,1,120,0.074765,USD,QUARANTINED,PAUSED,17
gg_ad_2169,youtube,2025-11-17 08:00:00+00:00,66,421,0.570082,USD,QUARANTINED,ENABLED,58
gg_ad_337,youtube,2026-01-03 20:00:00+00:00,3,93,0.011994,USD,QUARANTINED,ENABLED,5
gg_ad_488,youtube,2025-12-10 21:00:00+00:00,0,216,0.213935,USD,QUARANTINED,LIMITED,16
gg_ad_1403,youtube,2025-12-17 19:00:00+00:00,9,486,0.133397,USD,QUARANTINED,ENABLED,89
gg_ad_1443,youtube,2025-12-09 11:00:00+00:00,218,102,0.045112,USD,QUARANTINED,REMOVED,8
gg_ad_136,youtube,2025-12-24 09:00:00+00:00,10,656,0.818366,USD,QUARANTINED,ENABLED,114
gg_ad_1324,youtube,2025-11-28 23:00:00+00:00,2,90,0.011073,USD,QUARANTINED,ENABLED,35
gg_ad_1828,youtube,2025-11-05 16:00:00+00:00,6,225,0.161847,USD,QUARANTINED,ENABLED,149
gg_ad_1559,youtube,2025-12-25 21:00:00+00:00,161,68,0.017065,USD,QUARANTINED,ENABLED,15
gg_ad_1137,youtube,2025-10-24 11:00:00+00:00,16,165,0.021774,USD,QUARANTINED,ENABLED,61
gg_ad_1209,youtube,2026-01-03 11:00:00+00:00,15,702,0.566428,USD,QUARANTINED,ENABLED,69
gg_ad_857,youtube,2025-11-11 12:00:00+00:00,25,322,0.220324,USD,QUARANTINED,ENABLED,0
gg_ad_1975,youtube,2025-10-13 17:00:00+00:00,21,212,0.049074,USD,QUARANTINED,ENABLED,83
gg_ad_1539,youtube,2026-01-14 15:00:00+00:00,39,793,1.459425,USD,QUARANTINED,PAUSED,243
gg_ad_2346,youtube,2025-12-27 00:00:00+00:00,0,70,0.035803,USD,QUARANTINED,PAUSED,31
gg_ad_362,youtube,2025-11-09 04:00:00+00:00,4,76,0.027692,USD,QUARANTINED,ENABLED,5
gg_ad_584,youtube,2025-12-30 14:00:00+00:00,0,148,0.165193,USD,QUARANTINED,ENABLED,5
gg_ad_1021,youtube,2025-10-16 16:00:00+00:00,9,308,0.124352,USD,QUARANTINED,ENABLED,29
gg_ad_2446,youtube,2025-11-13 04:00:00+00:00,23,412,0.356546,USD,QUARANTINED,ENABLED,18
gg_ad_1002,youtube,2025-12-17 13:00:00+00:00,0,93,0.151707,USD,QUARANTINED,ENABLED,5
gg_ad_249,youtube,2025-10-29 17:00:00+00:00,2,57,0.034871,USD,QUARANTINED,ENABLED,16
gg_ad_423,youtube,2025-12-02 14:00:00+00:00,11,235,0.104269,USD,QUARANTINED,ENABLED,57
gg_ad_94,youtube,2025-09-28 13:00:00+00:00,29,417,0.286485,USD,QUARANTINED,ENABLED,51
gg_ad_1011,youtube,2025-10-06 15:00:00+00:00,6,180,0.126271,USD,QUARANTINED,PAUSED,36
gg_ad_166,youtube,2025-12-13 16:00:00+00:00,5,393,0.184905,USD,QUARANTINED,PAUSED,139
gg_ad_1120,youtube,2025-10-28 06:00:00+00:00,15,719,0.474587,USD,QUARANTINED,PAUSED,320
gg_ad_1652,youtube,2025-12-21 22:00:00+00:00,12,571,0.175668,USD,QUARANTINED,ENABLED,125
None,youtube,2025-10-08 18:00:00+00:00,6,157,0.114814,USD,QUARANTINED,REMOVED,83
gg_ad_2481,youtube,2025-12-19 06:00:00+00:00,75,737,0.302663,USD,QUARANTINED,DRAFT,0
gg_ad_2147,youtube,2025-12-08 01:00:00+00:00,2,141,0.17728,USD,QUARANTINED,ENABLED,46
gg_ad_905,youtube,2025-09-29 03:00:00+00:00,1,42,0.023027,USD,QUARANTINED,DISAPPROVED,0
gg_ad_1928,youtube,2025-10-02 20:00:00+00:00,3,89,0.082465,USD,QUARANTINED,PAUSED,37
gg_ad_1097,youtube,2025-11-25 19:00:00+00:00,5,172,0.019062,USD,QUARANTINED,PAUSED,67
gg_ad_1138,youtube,2026-01-08 06:00:00+00:00,3,153,0.132514,USD,QUARANTINED,ENABLED,6
gg_ad_295,youtube,2025-09-27 20:00:00+00:00,0,47,0.033837,USD,QUARANTINED,ENABLED,6
gg_ad_2123,youtube,2026-01-02 10:00:00+00:00,22,219,0.088365,USD,QUARANTINED,LIMITED,0
gg_ad_26,youtube,2025-09-23 18:00:00+00:00,3,97,0.086952,USD,QUARANTINED,DISAPPROVED,27
gg_ad_1423,youtube,2025-12-09 16:00:00+00:00,22,901,0.189845,USD,QUARANTINED,ENABLED,363
gg_ad_1820,youtube,2025-10-19 23:00:00+00:00,4,80,0.040994,USD,QUARANTINED,ENABLED,13
gg_ad_2044,youtube,2025-11-01 05:00:00+00:00,6,212,0.041356,USD,QUARANTINED,PAUSED,30
gg_ad_1477,youtube,2025-10-31 11:00:00+00:00,21,341,0.155414,USD,QUARANTINED,DRAFT,7
None,youtube,2025-11-02 09:00:00+00:00,2,60,0.019516,USD,QUARANTINED,ENABLED,15
gg_ad_1959,youtube,2025-12-11 14:00:00+00:00,11,203,0.085873,USD,QUARANTINED,ENABLED,15
gg_ad_1202,youtube,2025-12-22 12:00:00+00:00,479,314,0.217833,USD,QUARANTINED,REMOVED,61
gg_ad_1215,youtube,2026-01-03 07:00:00+00:00,0,490,0.053612,USD,QUARANTINED,ENABLED,0
gg_ad_2276,youtube,2025-10-04 22:00:00+00:00,13,76,0.047479,USD,QUARANTINED,ENABLED,21
gg_ad_676,youtube,2025-10-27 21:00:00+00:00,9,134,0.131014,USD,QUARANTINED,PAUSED,40
gg_ad_1614,youtube,2025-09-29 02:00:00+00:00,7,114,0.079842,USD,QUARANTINED,ENABLED,64
gg_ad_552,youtube,2025-10-23 10:00:00+00:00,9,343,0.295459,USD,QUARANTINED,ENABLED,52
gg_ad_112,youtube,2025-10-29 08:00:00+00:00,20,285,0.176859,USD,QUARANTINED,ENABLED,104
gg_ad_308,youtube,2025-11-05 04:00:00+00:00,280,156,0.037263,USD,QUARANTINED,ENABLED,42
gg_ad_748,youtube,2025-12-10 23:00:00+00:00,15,156,0.117976,USD,QUARANTINED,ENABLED,37
gg_ad_42,youtube,2025-12-05 22:00:00+00:00,6,157,0.070071,USD,QUARANTINED,ENABLED,36
gg_ad_249,youtube,2025-10-29 17:00:00+00:00,2,57,0.034871,USD,QUARANTINED,ENABLED,16
gg_ad_857,youtube,2025-11-11 12:00:00+00:00,25,322,0.220324,USD,QUARANTINED,ENABLED,0
gg_ad_2327,youtube,2025-09-20 14:00:00+00:00,5,125,0.064825,USD,QUARANTINED,ENABLED,16
gg_ad_1097,youtube,2025-11-25 19:00:00+00:00,5,172,0.019062,USD,QUARANTINED,PAUSED,67
None,youtube,2025-11-12 16:00:00+00:00,6,103,0.204235,USD,QUARANTINED,DISAPPROVED,42
gg_ad_578,youtube,2025-10-13 17:00:00+00:00,12,1155,0.962136,USD,QUARANTINED,ENABLED,225
