platform,ad_id,timestamp_utc,impressions,clicks,spend,currency,pipeline_status,ad_lifecycle_status,video_views
meta,meta_ad_684,2025-09-27 22:00:00+00:00,72,3,0.056659,USD,VALIDATED,ACTIVE,0
meta,meta_ad_1348,2026-01-05 22:00:00+00:00,117,9,0.039739,USD,PUBLISHED,DRAFT,0
meta,meta_ad_18,2025-10-21 23:00:00+00:00,285,32,0.042742,USD,RECEIVED,ACTIVE,0
meta,meta_ad_666,2025-12-16 06:00:00+00:00,20,0,0.010167,USD,VALIDATED,ACTIVE,1
meta,meta_ad_1232,2025-11-25 23:00:00+00:00,392,3,0.197971,USD,PUBLISHED,LIMITED,0
meta,meta_ad_1027,2025-11-24 14:00:00+00:00,240,23,0.052172,USD,VALIDATED,ACTIVE,0
meta,meta_ad_1117,2025-09-26 17:00:00+00:00,388,2,0.257742,USD,PUBLISHED,LIMITED,40
meta,meta_ad_387,2025-10-08 05:00:00+00:00,96,7,0.071145,USD,VALIDATED,ACTIVE,0
meta,meta_ad_85,2025-10-03 17:00:00+00:00,88,3,0.104889,USD,VALIDATED,ACTIVE,0
meta,meta_ad_215,2025-09-24 16:00:00+00:00,132,1,0.087457,USD,RECEIVED,ACTIVE,0
meta,meta_ad_735,2025-12-22 12:00:00+00:00,181,11,0.275524,USD,PUBLISHED,PAUSED,19
meta,meta_ad_1457,2025-12-01 04:00:00+00:00,162,5,0.143587,USD,VALIDATED,DRAFT,51
meta,meta_ad_1223,2025-12-15 01:00:00+00:00,141,3,0.077588,USD,RECEIVED,LIMITED,7
meta,meta_ad_985,2025-10-05 23:00:00+00:00,277,4,0.036321,USD,VALIDATED,ACTIVE,76
meta,meta_ad_1206,2025-12-01 06:00:00+00:00,99,0,0.014867,USD,VALIDATED,ACTIVE,13
meta,meta_ad_895,2025-10-08 23:00:00+00:00,88,0,0.083175,USD,VALIDATED,ACTIVE,35
meta,meta_ad_807,2025-11-11 06:00:00+00:00,144,5,0.145067,USD,PUBLISHED,ACTIVE,0
meta,meta_ad_53,2025-11-09 22:00:00+00:00,20,0,0.021159,USD,RECEIVED,ACTIVE,0
meta,meta_ad_257,2026-01-01 16:00:00+00:00,887,18,0.153127,USD,VALIDATED,DRAFT,194
meta,meta_ad_1385,2025-10-22 10:00:00+00:00,78,4,0.03684185685672398,USD,VALIDATED,ACTIVE,0
meta,meta_ad_779,2026-01-11 00:00:00+00:00,205,3,0.104772,USD,PUBLISHED,ACTIVE,0
meta,meta_ad_1485,2025-12-02 21:00:00+00:00,134,6,0.044863,USD,PUBLISHED,ACTIVE,0
meta,meta_ad_481,2025-11-13 20:00:00+00:00,50,0,0.029941,USD,PUBLISHED,PAUSED,5
meta,meta_ad_1391,2025-09-28 13:00:00+00:00,81,2,0.087053,USD,ENRICHED,ACTIVE,0
meta,meta_ad_185,2026-01-10 19:00:00+00:00,249,15,0.071393,USD,VALIDATED,ACTIVE,36
meta,meta_ad_744,2025-12-26 01:00:00+00:00,225,8,0.106461,USD,PUBLISHED,ARCHIVED,0
meta,meta_ad_940,2026-01-01 07:00:00+00:00,354,6,0.38346,USD,ENRICHED,ACTIVE,0
meta,meta_ad_1001,2025-12-20 05:00:00+00:00,41,2,0.023611,USD,VALIDATED,PAUSED,0
meta,meta_ad_660,2025-09-26 21:00:00+00:00,115,16,-0.025267,USD,PUBLISHED,ACTIVE,0
meta,meta_ad_416,2025-12-08 06:00:00+00:00,170,0,0.073613,USD,VALIDATED,ACTIVE,0
meta,meta_ad_979,2025-11-05 02:00:00+00:00,352,2,0.090118,USD,PUBLISHED,DISAPPROVED,0
meta,meta_ad_24,2026-01-11 19:00:00+00:00,59,3,0.028529,USD,ENRICHED,ACTIVE,5
meta,meta_ad_422,2025-11-20 14:00:00+00:00,368,3,0.448926,USD,PUBLISHED,ACTIVE,0
meta,meta_ad_493,2025-12-14 23:00:00+00:00,486,25,0.354448,USD,ENRICHED,ACTIVE,0
meta,meta_ad_1453,2026-01-09 09:00:00+00:00,153,5,0.106192,USD,PUBLISHED,DISAPPROVED,0
meta,meta_ad_362,2025-09-19 18:00:00+00:00,170,1,0.077121,USD,VALIDATED,ACTIVE,19
meta,meta_ad_1016,2025-10-26 14:00:00+00:00,212,6,0.154305,USD,VALIDATED,ACTIVE,0
meta,meta_ad_970,2025-10-16 15:00:00+00:00,148,7,0.071964,USD,VALIDATED,ACTIVE,13
meta,meta_ad_972,2025-12-26 14:00:00+00:00,158,1,0.06483,USD,PUBLISHED,ACTIVE,21
meta,meta_ad_660,2025-12-09 00:00:00+00:00,378,7,0.291071,USD,ENRICHED,ACTIVE,139
meta,meta_ad_1356,2026-01-13 10:00:00+00:00,112,4,0.074108,USD,VALIDATED,PAUSED,0
meta,meta_ad_919,2026-01-07 19:00:00+00:00,76,0,0.042169,USD,PUBLISHED,ACTIVE,0
meta,meta_ad_1115,2025-10-17 11:00:00+00:00,212,9,0.24961,USD,ENRICHED,ACTIVE,0
meta,meta_ad_683,2025-09-24 17:00:00+00:00,257,7,0.892766,USD,RECEIVED,ARCHIVED,0
meta,meta_ad_401,2026-01-12 05:00:00+00:00,110,4,0.032043,USD,VALIDATED,PAUSED,0
meta,meta_ad_1296,2025-12-14 09:00:00+00:00,282,5,0.051149,USD,RECEIVED,PAUSED,0
meta,meta_ad_831,2026-01-11 23:00:00+00:00,40,0,0.043858,USD,RECEIVED,ACTIVE,0
meta,meta_ad_1436,2025-10-08 17:00:00+00:00,316,14,0.392989,USD,ENRICHED,LIMITED,0
meta,meta_ad_1181,2025-12-24 19:00:00+00:00,67,1,0.06803,USD,VALIDATED,ACTIVE,22
meta,meta_ad_576,2025-11-19 09:00:00+00:00,261,3,0.173569,USD,VALIDATED,ACTIVE,0
meta,meta_ad_329,2025-12-04 02:00:00+00:00,209,2,0.36155,USD,PUBLISHED,LIMITED,0
meta,meta_ad_813,2026-01-03 04:00:00+00:00,233,4,0.147588,USD,PUBLISHED,ACTIVE,0
meta,meta_ad_693,2025-10-25 01:00:00+00:00,383,0,0.143911,USD,ENRICHED,ACTIVE,0
meta,meta_ad_1009,2025-10-14 22:00:00+00:00,102,6,0.125434,USD,ENRICHED,ACTIVE,0
meta,meta_ad_1149,2026-01-10 06:00:00+00:00,226,0,0.111446,USD,RECEIVED,ACTIVE,0
meta,meta_ad_1457,2025-10-20 08:00:00+00:00,159,11,0.120667,USD,VALIDATED,ACTIVE,0
meta,meta_ad_220,2025-12-02 20:00:00+00:00,88,2,0.068458,USD,VALIDATED,ACTIVE,0
meta,meta_ad_1133,2025-11-13 14:00:00+00:00,111,5,0.041572,USD,ENRICHED,ACTIVE,0
meta,meta_ad_231,2026-01-01 06:00:00+00:00,299,16,0.108734,USD,RECEIVED,PAUSED,38
meta,meta_ad_133,2025-11-22 20:00:00+00:00,109,11,0.032492,USD,VALIDATED,ACTIVE,0
meta,meta_ad_166,2025-10-02 22:00:00+00:00,290,0,0.302097,USD,PUBLISHED,ACTIVE,21
meta,meta_ad_632,2025-10-28 06:00:00+00:00,345,10,0.149782,USD,RECEIVED,DISAPPROVED,0
meta,meta_ad_1021,2025-09-30 05:00:00+00:00,650,9,0.436511,USD,ENRICHED,ACTIVE,0
meta,meta_ad_1082,2026-01-01 08:00:00+00:00,555,18,0.586122,USD,VALIDATED,PAUSED,0
meta,meta_ad_810,2025-11-07 20:00:00+00:00,55,1,0.072555,USD,ENRICHED,PAUSED,12
meta,meta_ad_725,2025-12-04 18:00:00+00:00,334,5,0.053932,USD,VALIDATED,ACTIVE,102
meta,meta_ad_352,2025-12-15 20:00:00+00:00,715,65,0.5577300251862173,USD,PUBLISHED,DRAFT,0
meta,meta_ad_1003,2026-01-16 23:00:00+00:00,70,4,0.015779,USD,RECEIVED,ACTIVE,0
meta,meta_ad_321,2025-11-08 00:00:00+00:00,389,32,0.359778,USD,ENRICHED,LIMITED,30
meta,meta_ad_288,2025-11-16 10:00:00+00:00,175,13,0.114498,USD,VALIDATED,ACTIVE,0
meta,meta_ad_1106,2025-11-06 12:00:00+00:00,265,6,0.133985,USD,PUBLISHED,ACTIVE,36
meta,meta_ad_958,2025-12-03 14:00:00+00:00,440,24,0.585523,USD,VALIDATED,PAUSED,52
meta,meta_ad_7,2025-11-24 01:00:00+00:00,37,5,0.013904,USD,VALIDATED,ACTIVE,0
meta,meta_ad_267,2025-11-03 06:00:00+00:00,71,2,0.007844,USD,ENRICHED,PAUSED,0
meta,meta_ad_418,2026-01-05 00:00:00+00:00,189,10,0.300815,USD,ENRICHED,ACTIVE,0
meta,meta_ad_395,2025-09-27 01:00:00+00:00,162,7,0.107107,USD,VALIDATED,ACTIVE,0
meta,meta_ad_956,2025-11-24 23:00:00+00:00,188,3,0.07127,USD,VALIDATED,ACTIVE,0
meta,meta_ad_763,2025-10-15 06:00:00+00:00,302,1,0.412449,USD,VALIDATED,ACTIVE,75
meta,meta_ad_943,2025-10-12 17:00:00+00:00,346,11,0.336571,USD,PUBLISHED,ACTIVE,0
meta,meta_ad_427,2025-12-29 14:00:00+00:00,2227,41,3.245317,USD,VALIDATED,PAUSED,221
meta,meta_ad_828,2025-10-18 20:00:00+00:00,47,0,0.052433,USD,VALIDATED,ACTIVE,0
meta,meta_ad_144,2025-11-30 07:00:00+00:00,248,5,0.273826,USD,VALIDATED,ACTIVE,30
meta,meta_ad_832,2025-11-09 12:00:00+00:00,53,1,0.051043,USD,ENRICHED,ARCHIVED,0
meta,meta_ad_1143,2026-01-05 06:00:00+00:00,111,4,0.073256,USD,RECEIVED,ACTIVE,6
meta,meta_ad_1274,2025-12-23 08:00:00+00:00,66,1,0.042711,USD,ENRICHED,ACTIVE,0
meta,meta_ad_736,2025-11-20 21:00:00+00:00,121,1,0.0001789476203079101,USD,ENRICHED,PAUSED,0
meta,meta_ad_1100,2026-01-09 08:00:00+00:00,59,4,0.140365,USD,PUBLISHED,ACTIVE,0
meta,meta_ad_1001,2025-12-24 11:00:00+00:00,118,3,0.057134,USD,VALIDATED,LIMITED,0
meta,meta_ad_549,2026-01-15 02:00:00+00:00,238,2,0.305278,USD,ENRICHED,ACTIVE,0
meta,meta_ad_1131,2025-09-21 04:00:00+00:00,175,5,0.116891,USD,VALIDATED,ACTIVE,23
meta,meta_ad_1231,2025-11-09 15:00:00+00:00,307,10,0.038948,USD,VALIDATED,ARCHIVED,47
meta,meta_ad_1097,2025-10-02 12:00:00+00:00,242,2,0.186626,USD,PUBLISHED,ACTIVE,0
meta,meta_ad_708,2025-09-24 04:00:00+00:00,223,2,0.252539,USD,VALIDATED,ACTIVE,0
meta,meta_ad_947,2025-10-06 18:00:00+00:00,88,0,0.044863,USD,VALIDATED,PAUSED,20
meta,meta_ad_44,2025-11-24 22:00:00+00:00,46,0,0.029076,USD,VALIDATED,ACTIVE,9
meta,meta_ad_1181,2025-11-05 04:00:00+00:00,302,27,0.163927,USD,ENRICHED,PAUSED,0
meta,meta_ad_918,2025-12-03 03:00:00+00:00,91,6,0.058406,USD,VALIDATED,LIMITED,4
meta,meta_ad_5,2025-11-10 03:00:00+00:00,610,24,0.073432,USD,PUBLISHED,ACTIVE,0
meta,meta_ad_1080,2025-11-25 22:00:00+00:00,28,2,0.023054,USD,RECEIVED,ACTIVE,4
meta,meta_ad_433,2025-10-17 07:00:00+00:00,63,0,0.040696,USD,ENRICHED,ACTIVE,0
meta,meta_ad_87,2025-12-07 13:00:00+00:00,82,1,0.107527,USD,ENRICHED,ACTIVE,0
meta,meta_ad_314,2025-09-19 11:00:00+00:00,181,8,0.189387,USD,PUBLISHED,ACTIVE,22
meta,meta_ad_737,2025-10-08 18:00:00+00:00,127,4,0.016386,USD,RECEIVED,ACTIVE,0
meta,meta_ad_66,2025-10-26 12:00:00+00:00,158,2,0.019392,USD,ENRICHED,ARCHIVED,0
meta,meta_ad_1240,2025-10-29 23:00:00+00:00,281,6,0.094453,USD,VALIDATED,ACTIVE,55
meta,meta_ad_154,2026-01-15 06:00:00+00:00,188,2,0.062965,USD,VALIDATED,ACTIVE,0
meta,meta_ad_821,2025-10-23 09:00:00+00:00,254,13,0.296194,USD,PUBLISHED,ACTIVE,0
meta,meta_ad_390,2025-12-06 13:00:00+00:00,153,3,0.167621,USD,VALIDATED,ACTIVE,10
meta,meta_ad_1289,2025-11-23 19:00:00+00:00,96,5,0.082724,USD,RECEIVED,ACTIVE,30
meta,meta_ad_62,2026-01-13 17:00:00+00:00,218,5,0.108844,USD,PUBLISHED,ACTIVE,0
meta,meta_ad_157,2025-10-26 15:00:00+00:00,392,13,0.228313,USD,RECEIVED,ACTIVE,0
meta,meta_ad_182,2025-11-10 04:00:00+00:00,1040,73,0.268731,USD,ENRICHED,ACTIVE,0
meta,meta_ad_1039,2026-01-01 01:00:00+00:00,632,23,0.795869,USD,VALIDATED,ACTIVE,0
meta,meta_ad_946,2025-11-11 19:00:00+00:00,175,4,0.187739,USD,VALIDATED,ACTIVE,19
meta,meta_ad_617,2025-12-07 10:00:00+00:00,59,1,0.0005598009424961874,USD,PUBLISHED,ACTIVE,0
meta,meta_ad_1326,2026-01-05 03:00:00+00:00,437,19,0.171582,USD,ENRICHED,ACTIVE,0
meta,meta_ad_974,2025-10-23 20:00:00+00:00,129,0,0.144148,USD,PUBLISHED,ACTIVE,0
meta,meta_ad_504,2025-09-28 11:00:00+00:00,959,52,0.591115,USD,VALIDATED,ACTIVE,73
meta,meta_ad_980,2025-10-04 02:00:00+00:00,48,1,0.052551,USD,ENRICHED,ACTIVE,0
meta,meta_ad_1406,2025-10-01 19:00:00+00:00,208,7,0.029162,USD,ENRICHED,ACTIVE,0
meta,meta_ad_1365,2025-10-29 23:00:00+00:00,397,6,0.133171,USD,ENRICHED,ACTIVE,0
meta,meta_ad_488,2025-12-21 15:00:00+00:00,54,5,0.011307,USD,RECEIVED,ACTIVE,0
meta,meta_ad_165,2025-12-03 20:00:00+00:00,81,2,0.029694,USD,ENRICHED,DISAPPROVED,0
meta,meta_ad_73,2025-10-01 22:00:00+00:00,186,9,0.119017,USD,VALIDATED,ACTIVE,0
meta,meta_ad_1499,2026-01-07 11:00:00+00:00,233,5,0.235034,USD,VALIDATED,ACTIVE,0
meta,meta_ad_754,2025-10-28 12:00:00+00:00,80,2,0.085306,USD,ENRICHED,ACTIVE,8
meta,meta_ad_255,2025-09-24 15:00:00+00:00,249,41,0.061134,USD,RECEIVED,ACTIVE,21
meta,meta_ad_521,2025-09-27 15:00:00+00:00,113,0,0.025846,USD,VALIDATED,PAUSED,18
meta,meta_ad_437,2025-11-08 04:00:00+00:00,174,3,0.252265,USD,ENRICHED,ACTIVE,32
meta,meta_ad_230,2025-09-30 06:00:00+00:00,39,0,0.035272,USD,PUBLISHED,ACTIVE,0
meta,meta_ad_175,2025-09-23 05:00:00+00:00,428,3,0.240646,USD,PUBLISHED,LIMITED,0
meta,meta_ad_1072,2025-10-01 11:00:00+00:00,137,8,0.058071,USD,ENRICHED,ACTIVE,19
meta,meta_ad_917,2025-09-19 13:00:00+00:00,427,6,0.114083,USD,PUBLISHED,ACTIVE,0
meta,meta_ad_393,2025-12-02 22:00:00+00:00,25,0,0.022078,USD,VALIDATED,ACTIVE,0
meta,meta_ad_1336,2025-09-25 21:00:00+00:00,215,6,0.148168,USD,ENRICHED,ACTIVE,0
meta,meta_ad_667,2025-12-10 20:00:00+00:00,397,33,0.088055,USD,PUBLISHED,ACTIVE,45
meta,meta_ad_1071,2025-11-06 04:00:00+00:00,55,3,0.021488,USD,ENRICHED,ACTIVE,7
meta,meta_ad_1045,2026-01-12 16:00:00+00:00,119,1,0.033166,USD,VALIDATED,ACTIVE,11
meta,meta_ad_1424,2025-12-18 09:00:00+00:00,88,1,0.039489,USD,VALIDATED,LIMITED,0
meta,meta_ad_273,2025-10-28 13:00:00+00:00,95,2,0.094768,USD,PUBLISHED,ACTIVE,12
meta,meta_ad_544,2026-01-16 01:00:00+00:00,95,1,0.086654,USD,PUBLISHED,PAUSED,0
meta,meta_ad_1116,2026-01-12 04:00:00+00:00,583,8,0.776775,USD,ENRICHED,ACTIVE,65
meta,meta_ad_1287,2025-09-22 16:00:00+00:00,278,2,0.191053,USD,ENRICHED,LIMITED,83
meta,meta_ad_13,2025-12-01 04:00:00+00:00,51,1,0.018453,USD,VALIDATED,ACTIVE,0
meta,meta_ad_1276,2025-12-10 13:00:00+00:00,141,4,0.068314,USD,ENRICHED,ACTIVE,0
meta,meta_ad_1437,2025-12-26 08:00:00+00:00,115,8,0.098489,USD,VALIDATED,PAUSED,0
meta,meta_ad_1036,2026-01-05 19:00:00+00:00,129,3,0.140745,USD,PUBLISHED,PAUSED,0
meta,meta_ad_1125,2025-12-21 23:00:00+00:00,102,1,0.184482,USD,VALIDATED,ACTIVE,0
meta,meta_ad_1047,2025-10-04 04:00:00+00:00,225,2,0.019363,USD,VALIDATED,LIMITED,22
meta,meta_ad_40,2025-12-07 22:00:00+00:00,122,1,0.011242,USD,ENRICHED,ACTIVE,3
meta,meta_ad_734,2026-01-15 01:00:00+00:00,416,12,0.121826,USD,ENRICHED,PAUSED,0
meta,meta_ad_567,2025-12-15 10:00:00+00:00,84,12,0.068993,USD,VALIDATED,ACTIVE,0
meta,meta_ad_624,2025-12-08 07:00:00+00:00,70,1,0.02641,USD,ENRICHED,ACTIVE,0
meta,meta_ad_935,2025-10-12 01:00:00+00:00,234,12,0.220009,USD,ENRICHED,ACTIVE,0
meta,meta_ad_1465,2025-09-28 17:00:00+00:00,177,5,0.121697,USD,PUBLISHED,ACTIVE,0
meta,meta_ad_1399,2025-12-27 13:00:00+00:00,58,2,0.027538,USD,PUBLISHED,PAUSED,0
meta,meta_ad_283,2025-10-30 16:00:00+00:00,419,14,0.158184,USD,VALIDATED,ACTIVE,0
meta,meta_ad_1033,2026-01-16 21:00:00+00:00,182,6,0.383307,USD,ENRICHED,ARCHIVED,31
meta,meta_ad_1023,2026-01-14 17:00:00+00:00,202,3,0.170172,USD,PUBLISHED,ACTIVE,0
meta,meta_ad_84,2025-12-19 21:00:00+00:00,252,9,0.217158,USD,VALIDATED,DRAFT,18
meta,meta_ad_977,2026-01-02 16:00:00+00:00,38,0,0.024596,USD,PUBLISHED,PAUSED,9
meta,meta_ad_192,2025-09-20 17:00:00+00:00,232,6,0.047247,USD,ENRICHED,ACTIVE,0
meta,meta_ad_587,2025-11-17 05:00:00+00:00,214,15,0.106255,USD,PUBLISHED,ACTIVE,0
meta,meta_ad_600,2025-09-28 17:00:00+00:00,172,5,0.019516,USD,RECEIVED,ACTIVE,16
meta,meta_ad_504,2025-10-17 15:00:00+00:00,100,4,0.099311,USD,PUBLISHED,PAUSED,0
meta,meta_ad_721,2025-12-09 23:00:00+00:00,181,4,0.03021,USD,ENRICHED,ACTIVE,7
meta,meta_ad_48,2025-12-01 18:00:00+00:00,96,5,0.063502,USD,PUBLISHED,ACTIVE,27
meta,meta_ad_405,2025-09-26 23:00:00+00:00,143,11,0.014542,USD,ENRICHED,ACTIVE,0
meta,meta_ad_566,2025-10-06 03:00:00+00:00,486,10,0.4495,USD,VALIDATED,ACTIVE,0
meta,meta_ad_470,2025-10-11 22:00:00+00:00,316,13,0.270541,USD,VALIDATED,ACTIVE,65
meta,meta_ad_548,2025-10-01 11:00:00+00:00,464,8,0.151513,USD,ENRICHED,DISAPPROVED,71
meta,meta_ad_857,2025-09-30 09:00:00+00:00,235,7,0.038574,USD,VALIDATED,ACTIVE,8
meta,meta_ad_1376,2025-12-16 04:00:00+00:00,136,1,0.113068,USD,ENRICHED,ACTIVE,0
meta,meta_ad_1409,2025-12-03 17:00:00+00:00,256,6,0.340648,USD,PUBLISHED,ACTIVE,57
meta,meta_ad_498,2025-12-26 12:00:00+00:00,105,5,0.018631,USD,VALIDATED,ACTIVE,0
meta,meta_ad_379,2025-09-24 15:00:00+00:00,556,9,0.124294,USD,VALIDATED,ACTIVE,0
meta,meta_ad_46,2025-11-27 08:00:00+00:00,125,5,0.049994,USD,PUBLISHED,ACTIVE,0
meta,meta_ad_79,2025-10-17 03:00:00+00:00,299,2,0.266636,USD,ENRICHED,ACTIVE,0
meta,meta_ad_982,2025-10-27 05:00:00+00:00,699,4,1.027681,USD,ENRICHED,ACTIVE,0
meta,meta_ad_1149,2026-01-12 20:00:00+00:00,79,6,0.075312,USD,VALIDATED,ACTIVE,8
meta,meta_ad_473,2025-09-21 17:00:00+00:00,14,0,0.007197,USD,PUBLISHED,ACTIVE,1
meta,meta_ad_1365,2025-10-03 18:00:00+00:00,329,10,0.246862,USD,VALIDATED,ARCHIVED,37
meta,meta_ad_645,2025-12-25 19:00:00+00:00,149,2,0.180521,USD,VALIDATED,ACTIVE,49
meta,meta_ad_748,2025-11-08 06:00:00+00:00,145,7,0.026059,USD,PUBLISHED,ACTIVE,26
meta,meta_ad_46,2025-12-05 17:00:00+00:00,855,94,0.728386,USD,RECEIVED,ACTIVE,0
meta,meta_ad_414,2025-12-25 10:00:00+00:00,148,2,0.142523,USD,PUBLISHED,ACTIVE,41
meta,meta_ad_1092,2025-12-14 04:00:00+00:00,228,2,0.04974,USD,PUBLISHED,ACTIVE,0
meta,meta_ad_1137,2026-01-15 17:00:00+00:00,155,3,0.184431,USD,VALIDATED,ACTIVE,39
meta,meta_ad_1127,2025-10-16 02:00:00+00:00,265,16,0.237917,USD,PUBLISHED,ACTIVE,0
meta,meta_ad_7,2025-10-10 23:00:00+00:00,798,7,0.967156,USD,PUBLISHED,PAUSED,41
meta,meta_ad_503,2025-12-02 00:00:00+00:00,169,1,0.08716,USD,VALIDATED,ACTIVE,10
meta,meta_ad_1436,2025-11-25 23:00:00+00:00,210,2,0.150392,USD,PUBLISHED,PAUSED,0
meta,meta_ad_59,2025-10-10 16:00:00+00:00,116,3,0.033665,USD,VALIDATED,ACTIVE,0
meta,meta_ad_234,2025-11-23 21:00:00+00:00,67,2,0.062915,USD,PUBLISHED,ACTIVE,0
meta,meta_ad_763,2025-10-26 02:00:00+00:00,59,1,0.038732,USD,ENRICHED,ACTIVE,0
meta,meta_ad_124,2025-11-05 03:00:00+00:00,69,1,0.029095,USD,ENRICHED,ACTIVE,0
meta,meta_ad_1288,2025-09-20 09:00:00+00:00,200,1,0.462186,USD,VALIDATED,ACTIVE,0
meta,meta_ad_888,2025-12-11 08:00:00+00:00,290,3,0.089929,USD,ENRICHED,LIMITED,0
meta,meta_ad_1401,2025-10-02 21:00:00+00:00,1041,28,0.435503,USD,PUBLISHED,ACTIVE,364
meta,meta_ad_572,2025-12-09 14:00:00+00:00,122,4,0.026369,USD,VALIDATED,ACTIVE,0
meta,meta_ad_226,2025-10-23 13:00:00+00:00,240,3,0.089451,USD,ENRICHED,ACTIVE,51
meta,meta_ad_796,2026-01-02 17:00:00+00:00,85,0,0.017277,USD,RECEIVED,ACTIVE,0
meta,meta_ad_530,2025-11-23 13:00:00+00:00,264,10,0.243372,USD,VALIDATED,DRAFT,61
meta,meta_ad_1431,2025-12-23 02:00:00+00:00,65,1,0.022942,USD,VALIDATED,ARCHIVED,0
meta,meta_ad_10,2026-01-14 12:00:00+00:00,138,1,0.047783,USD,PUBLISHED,ACTIVE,0
meta,meta_ad_55,2025-12-30 11:00:00+00:00,47,1,0.032133,USD,PUBLISHED,ACTIVE,8
meta,meta_ad_560,2026-01-11 13:00:00+00:00,415,27,0.383645,USD,ENRICHED,ACTIVE,39
meta,meta_ad_1488,2025-11-19 12:00:00+00:00,153,5,0.023503,USD,PUBLISHED,ACTIVE,0
meta,meta_ad_1126,2025-12-01 09:00:00+00:00,355,7,0.046915,USD,PUBLISHED,ACTIVE,128
meta,meta_ad_201,2025-09-27 07:00:00+00:00,91,9,0.094624,USD,VALIDATED,LIMITED,7
meta,meta_ad_1269,2025-12-22 05:00:00+00:00,121,0,0.028791,USD,RECEIVED,ACTIVE,0
meta,meta_ad_251,2025-12-25 03:00:00+00:00,84,0,0.035188,USD,ENRICHED,ACTIVE,6
meta,meta_ad_890,2026-01-12 01:00:00+00:00,114,3,0.017505,USD,VALIDATED,ACTIVE,0
meta,meta_ad_197,2025-12-10 09:00:00+00:00,105,2,0.0758350482997229,USD,VALIDATED,PAUSED,0
meta,meta_ad_740,2025-12-24 08:00:00+00:00,480,9,0.210836,USD,VALIDATED,ACTIVE,0
meta,meta_ad_196,2025-09-30 16:00:00+00:00,100,1,0.072349,USD,VALIDATED,ACTIVE,16
meta,meta_ad_604,2025-12-14 22:00:00+00:00,83,3,0.055361,USD,RECEIVED,ACTIVE,15
meta,meta_ad_866,2025-11-01 15:00:00+00:00,77,2,0.156127,USD,VALIDATED,ACTIVE,0
meta,meta_ad_833,2025-11-19 01:00:00+00:00,211,1,0.137066,USD,ENRICHED,PAUSED,0
meta,meta_ad_485,2025-09-20 15:00:00+00:00,538,19,0.915701,USD,ENRICHED,ACTIVE,0
meta,meta_ad_11,2025-12-16 02:00:00+00:00,168,14,0.186963,USD,VALIDATED,ACTIVE,0
meta,meta_ad_65,2025-12-05 08:00:00+00:00,211,17,0.03709,USD,VALIDATED,ACTIVE,0
meta,meta_ad_333,2025-11-23 02:00:00+00:00,196,8,0.218211,USD,RECEIVED,ACTIVE,0
meta,meta_ad_497,2026-01-12 07:00:00+00:00,141,8,0.043402,USD,VALIDATED,LIMITED,0
meta,meta_ad_167,2025-11-19 04:00:00+00:00,146,15,0.11343,USD,VALIDATED,ACTIVE,0
meta,meta_ad_204,2025-12-13 12:00:00+00:00,83,0,0.010437,USD,ENRICHED,ACTIVE,0
meta,meta_ad_1426,2025-10-10 09:00:00+00:00,182,11,0.141729,USD,PUBLISHED,ACTIVE,0
meta,meta_ad_838,2025-12-09 08:00:00+00:00,64,1,0.01728,USD,ENRICHED,ACTIVE,2
meta,meta_ad_75,2025-09-24 17:00:00+00:00,104,2,0.08368,USD,ENRICHED,ACTIVE,0
meta,meta_ad_1486,2025-09-26 14:00:00+00:00,67,3,0.044156,USD,PUBLISHED,ACTIVE,0
meta,meta_ad_718,2025-10-23 17:00:00+00:00,197,3,0.19946,USD,VALIDATED,ACTIVE,0
meta,meta_ad_442,2025-10-19 00:00:00+00:00,442,11,0.099349,USD,PUBLISHED,LIMITED,0
meta,meta_ad_1287,2025-09-20 23:00:00+00:00,156,12,0.04372,USD,ENRICHED,PAUSED,0
meta,meta_ad_572,2025-09-29 21:00:00+00:00,79,2,0.065824,USD,VALIDATED,ACTIVE,0
meta,meta_ad_1091,2025-09-23 23:00:00+00:00,230,2,0.35862,USD,PUBLISHED,ACTIVE,44
meta,meta_ad_1449,2025-12-08 19:00:00+00:00,292,10,0.240808,USD,ENRICHED,LIMITED,0
meta,meta_ad_1151,2025-11-14 04:00:00+00:00,434,14,0.977549,USD,ENRICHED,PAUSED,0
meta,meta_ad_1131,2025-10-01 10:00:00+00:00,89,1,0.130017,USD,VALIDATED,ACTIVE,0
meta,meta_ad_1111,2025-10-20 19:00:00+00:00,191,4,0.035863,USD,RECEIVED,ACTIVE,29
meta,meta_ad_250,2025-09-26 06:00:00+00:00,75,1,0.094936,USD,ENRICHED,ACTIVE,0
meta,meta_ad_952,2025-11-17 00:00:00+00:00,558,30,0.245395,USD,ENRICHED,ACTIVE,0
meta,meta_ad_95,2025-11-26 23:00:00+00:00,37,0,0.006461,USD,ENRICHED,DRAFT,1
meta,meta_ad_677,2026-01-12 21:00:00+00:00,133,3,0.057999,USD,PUBLISHED,ACTIVE,0
meta,meta_ad_433,2025-12-08 09:00:00+00:00,49,53,0.058705,USD,PUBLISHED,ACTIVE,0
meta,meta_ad_1199,2026-01-03 20:00:00+00:00,281,14,0.051129,USD,ENRICHED,ACTIVE,25
meta,meta_ad_617,2025-10-04 12:00:00+00:00,605,16,0.115455,USD,PUBLISHED,ACTIVE,0
meta,meta_ad_466,2025-12-31 09:00:00+00:00,42,4,-0.017587,USD,ENRICHED,ACTIVE,9
meta,meta_ad_519,2025-11-22 08:00:00+00:00,41,0,0.049223,USD,ENRICHED,ACTIVE,10
meta,meta_ad_321,2025-12-26 01:00:00+00:00,760,19,0.641631,USD,ENRICHED,PAUSED,0
meta,meta_ad_173,2025-12-09 06:00:00+00:00,267,3,0.066529,USD,ENRICHED,PAUSED,0
meta,meta_ad_1492,2025-10-07 23:00:00+00:00,125,0,0.162418,USD,RECEIVED,ACTIVE,0
meta,meta_ad_667,2025-11-12 18:00:00+00:00,151,5,0.103624,USD,VALIDATED,ACTIVE,0
meta,meta_ad_662,2025-11-29 07:00:00+00:00,93,1,0.074169,USD,ENRICHED,ACTIVE,4
meta,meta_ad_340,2025-12-15 17:00:00+00:00,58,3,0.07062,USD,ENRICHED,ACTIVE,26
meta,meta_ad_1078,2025-11-22 14:00:00+00:00,863,6,0.343545,USD,PUBLISHED,ACTIVE,108
meta,meta_ad_145,2025-12-29 00:00:00+00:00,95,3,0.016854,USD,PUBLISHED,ACTIVE,18
meta,meta_ad_254,2025-12-22 02:00:00+00:00,233,7,0.0011723683484479658,USD,PUBLISHED,ACTIVE,0
meta,meta_ad_1484,2025-12-01 09:00:00+00:00,377,8,0.264271,USD,ENRICHED,ACTIVE,16
meta,meta_ad_7,2025-11-05 06:00:00+00:00,205,3,0.122613,USD,RECEIVED,ACTIVE,0
meta,meta_ad_1164,2025-12-18 04:00:00+00:00,192,25,0.104632,USD,VALIDATED,ACTIVE,0
meta,meta_ad_854,2025-12-03 15:00:00+00:00,330,7,0.22732,USD,RECEIVED,ACTIVE,36
meta,meta_ad_730,2026-01-13 07:00:00+00:00,80,0,0.003677,USD,RECEIVED,ACTIVE,21
meta,meta_ad_702,2025-12-05 17:00:00+00:00,195,8,0.401774,USD,VALIDATED,ACTIVE,39
meta,meta_ad_1408,2025-10-24 19:00:00+00:00,376,10,0.098649,USD,ENRICHED,ACTIVE,0
meta,meta_ad_419,2025-10-10 07:00:00+00:00,809,24,0.094879,USD,PUBLISHED,ACTIVE,0
meta,meta_ad_792,2026-01-02 16:00:00+00:00,114,1,0.047548,USD,PUBLISHED,ACTIVE,20
meta,meta_ad_654,2026-01-16 18:00:00+00:00,348,4,0.121108,USD,VALIDATED,PAUSED,0
meta,meta_ad_624,2025-11-15 22:00:00+00:00,401,7,0.133052,USD,PUBLISHED,PAUSED,0
meta,meta_ad_1484,2025-11-17 04:00:00+00:00,503,33,0.842255,USD,VALIDATED,ACTIVE,44
meta,meta_ad_767,2025-11-02 11:00:00+00:00,287,53,0.350026,USD,PUBLISHED,DISAPPROVED,0
meta,meta_ad_862,2025-11-04 02:00:00+00:00,218,1,0.014818,USD,ENRICHED,ACTIVE,52
meta,meta_ad_1020,2025-12-21 06:00:00+00:00,55,1,0.006465,USD,PUBLISHED,PAUSED,8
meta,meta_ad_680,2025-12-25 18:00:00+00:00,278,2,0.083118,USD,VALIDATED,ACTIVE,0
meta,meta_ad_309,2026-01-16 21:00:00+00:00,82,0,0.014925,USD,ENRICHED,ACTIVE,0
meta,meta_ad_1439,2025-10-03 04:00:00+00:00,71,13,0.00503,USD,ENRICHED,ACTIVE,5
meta,meta_ad_499,2025-11-22 21:00:00+00:00,677,10,0.02845072270972033,USD,RECEIVED,ACTIVE,157
meta,meta_ad_151,2026-01-11 17:00:00+00:00,441,1,0.267121,USD,ENRICHED,PAUSED,0
meta,meta_ad_1478,2025-12-05 18:00:00+00:00,141,1,0.031385,USD,VALIDATED,ACTIVE,0
meta,meta_ad_1430,2025-11-06 09:00:00+00:00,241,5,0.046345,USD,ENRICHED,ACTIVE,14
meta,meta_ad_210,2025-10-14 08:00:00+00:00,286,34,0.269955,USD,PUBLISHED,PAUSED,76
meta,meta_ad_627,2026-01-05 04:00:00+00:00,118,2,0.066986,USD,VALIDATED,ACTIVE,22
meta,meta_ad_243,2025-12-06 14:00:00+00:00,40,2,0.01992,USD,VALIDATED,ACTIVE,4
meta,meta_ad_287,2025-11-13 02:00:00+00:00,59,1,0.06566,USD,ENRICHED,ACTIVE,3
meta,meta_ad_391,2025-11-09 02:00:00+00:00,68,7,0.056043,USD,VALIDATED,ACTIVE,0
meta,meta_ad_1084,2025-10-12 06:00:00+00:00,452,16,0.95644,USD,VALIDATED,ACTIVE,78
meta,meta_ad_727,2025-12-28 11:00:00+00:00,384,12,0.249348,USD,ENRICHED,ACTIVE,0
meta,meta_ad_21,2025-09-23 11:00:00+00:00,551,49,0.394944,USD,VALIDATED,ACTIVE,0
meta,meta_ad_103,2025-11-25 01:00:00+00:00,217,1,0.002132398143414451,USD,ENRICHED,ACTIVE,33
meta,meta_ad_388,2025-12-25 13:00:00+00:00,362,18,0.265486,USD,VALIDATED,ACTIVE,41
meta,meta_ad_1057,2026-01-10 05:00:00+00:00,77,2,0.05295,USD,PUBLISHED,DISAPPROVED,0
meta,meta_ad_394,2025-12-26 08:00:00+00:00,141,6,0.062056,USD,ENRICHED,ACTIVE,18
meta,meta_ad_654,2025-11-28 03:00:00+00:00,535,27,0.455756,USD,VALIDATED,LIMITED,117
meta,meta_ad_564,2026-01-16 07:00:00+00:00,86,0,0.247242,USD,VALIDATED,ACTIVE,0
meta,meta_ad_1414,2025-10-21 10:00:00+00:00,241,0,0.122357,USD,VALIDATED,ACTIVE,54
meta,meta_ad_1471,2025-11-04 09:00:00+00:00,204,1,0.206194,USD,ENRICHED,ACTIVE,0
meta,meta_ad_476,2025-10-24 01:00:00+00:00,147,0,0.052291,USD,VALIDATED,ACTIVE,26
meta,meta_ad_366,2025-12-04 09:00:00+00:00,132,8,0.103032,USD,VALIDATED,ACTIVE,40
meta,meta_ad_739,2025-10-18 23:00:00+00:00,980,50,0.563705,USD,PUBLISHED,ACTIVE,0
meta,meta_ad_256,2025-11-03 03:00:00+00:00,89,8,0.02126,USD,ENRICHED,PAUSED,0
meta,meta_ad_243,2025-11-04 11:00:00+00:00,248,23,0.514041,USD,VALIDATED,ACTIVE,0
meta,meta_ad_32,2026-01-04 02:00:00+00:00,55,0,0.01957,USD,ENRICHED,ARCHIVED,0
meta,meta_ad_1306,2025-09-22 22:00:00+00:00,123,7,0.152721,USD,ENRICHED,LIMITED,10
meta,meta_ad_697,2025-11-23 07:00:00+00:00,256,12,0.058694,USD,VALIDATED,ACTIVE,0
meta,meta_ad_454,2025-11-14 10:00:00+00:00,437,17,0.048088,USD,VALIDATED,PAUSED,32
meta,meta_ad_1075,2025-12-13 10:00:00+00:00,135,2,0.089619,USD,VALIDATED,ACTIVE,57
meta,meta_ad_512,2025-10-22 06:00:00+00:00,100,6,0.001307234672263719,USD,VALIDATED,ACTIVE,0
meta,meta_ad_531,2025-10-27 11:00:00+00:00,131,1,0.069083,USD,PUBLISHED,ACTIVE,17
meta,meta_ad_1105,2025-11-14 12:00:00+00:00,53,0,0.001874,USD,RECEIVED,ACTIVE,16
meta,meta_ad_656,2025-12-31 05:00:00+00:00,63,4,0.102894,USD,PUBLISHED,ACTIVE,15
meta,meta_ad_324,2025-12-26 11:00:00+00:00,205,10,0.313196,USD,VALIDATED,ACTIVE,0
meta,meta_ad_1375,2025-09-24 02:00:00+00:00,112,1,0.12751,USD,PUBLISHED,ACTIVE,9
meta,meta_ad_552,2025-10-20 10:00:00+00:00,24,0,0.004099,USD,RECEIVED,PAUSED,0
meta,meta_ad_1337,2026-01-10 14:00:00+00:00,393,13,0.145474,USD,VALIDATED,ACTIVE,62
meta,meta_ad_1089,2026-01-17 00:00:00+00:00,263,3,0.251906,USD,ENRICHED,PAUSED,70
meta,meta_ad_1446,2025-10-11 03:00:00+00:00,145,2,0.174213,USD,PUBLISHED,ARCHIVED,0
meta,meta_ad_1353,2025-11-29 14:00:00+00:00,86,2,0.103711,USD,VALIDATED,ACTIVE,0
meta,meta_ad_1417,2025-12-25 17:00:00+00:00,280,8,0.223507,USD,ENRICHED,ACTIVE,0
meta,meta_ad_1224,2025-10-18 13:00:00+00:00,271,21,0.116069,USD,VALIDATED,ACTIVE,0
meta,meta_ad_701,2025-10-09 14:00:00+00:00,143,1,0.108387,USD,VALIDATED,LIMITED,0
meta,meta_ad_1295,2025-12-15 01:00:00+00:00,489,9,0.689536,USD,RECEIVED,ACTIVE,14
meta,meta_ad_919,2025-10-17 16:00:00+00:00,60,1,0.005361,USD,VALIDATED,ACTIVE,0
meta,meta_ad_1022,2025-12-19 05:00:00+00:00,71,1,0.045004,USD,VALIDATED,ACTIVE,0
meta,meta_ad_886,2025-10-23 11:00:00+00:00,155,1,0.044892,USD,ENRICHED,ACTIVE,0
meta,meta_ad_945,2025-10-12 00:00:00+00:00,213,4,0.016552,USD,RECEIVED,ACTIVE,22
meta,meta_ad_607,2025-11-30 21:00:00+00:00,586,18,0.130334,USD,PUBLISHED,LIMITED,0
meta,meta_ad_1069,2025-11-09 06:00:00+00:00,342,29,0.308548,USD,PUBLISHED,PAUSED,0
meta,meta_ad_379,2025-10-25 13:00:00+00:00,240,7,0.298392,USD,ENRICHED,ACTIVE,0
meta,meta_ad_1373,2025-11-07 17:00:00+00:00,321,9,0.026305,USD,VALIDATED,ACTIVE,0
meta,meta_ad_557,2025-12-15 02:00:00+00:00,129,10,0.016282,USD,ENRICHED,ACTIVE,33
meta,meta_ad_1405,2025-09-27 22:00:00+00:00,1004,75,1.936629,USD,VALIDATED,ARCHIVED,0
meta,meta_ad_376,2025-12-07 16:00:00+00:00,341,5,0.0674300507963357,USD,VALIDATED,ACTIVE,49
meta,meta_ad_567,2025-10-16 00:00:00+00:00,86,1,0.129281,USD,ENRICHED,ACTIVE,4
meta,meta_ad_55,2025-10-28 07:00:00+00:00,417,21,0.547201,USD,PUBLISHED,ACTIVE,0
meta,meta_ad_389,2026-01-01 06:00:00+00:00,388,13,0.127602,USD,ENRICHED,ACTIVE,0
meta,meta_ad_501,2025-10-14 03:00:00+00:00,157,2,0.050459,USD,VALIDATED,ARCHIVED,10
meta,meta_ad_59,2025-12-04 01:00:00+00:00,355,1,0.31647,USD,VALIDATED,DISAPPROVED,35
meta,meta_ad_1332,2025-10-04 07:00:00+00:00,63,1,0.024611,USD,PUBLISHED,ARCHIVED,0
meta,meta_ad_365,2026-01-01 20:00:00+00:00,165,1,0.015771,USD,VALIDATED,DRAFT,0
meta,meta_ad_18,2026-01-14 19:00:00+00:00,765,17,0.168785,USD,RECEIVED,ACTIVE,0
meta,meta_ad_1437,2025-10-22 06:00:00+00:00,260,12,0.002139088155572955,USD,VALIDATED,LIMITED,0
meta,meta_ad_185,2025-12-14 01:00:00+00:00,84,4,0.075628,USD,VALIDATED,DRAFT,17
meta,meta_ad_586,2026-01-13 22:00:00+00:00,281,15,0.057765,USD,ENRICHED,ACTIVE,35
meta,meta_ad_1100,2025-11-30 17:00:00+00:00,112,4,0.053616,USD,ENRICHED,ACTIVE,0
meta,meta_ad_1099,2026-01-02 10:00:00+00:00,988,18,1.26411,USD,VALIDATED,LIMITED,0
meta,meta_ad_369,2025-09-30 18:00:00+00:00,296,11,0.094004,USD,PUBLISHED,PAUSED,125
meta,meta_ad_587,2025-12-24 15:00:00+00:00,124,5,0.11121,USD,ENRICHED,ACTIVE,28
meta,meta_ad_399,2025-10-09 04:00:00+00:00,109,0,0.072207,USD,ENRICHED,ACTIVE,0
meta,meta_ad_1066,2025-10-12 17:00:00+00:00,118,7,0.087933,USD,RECEIVED,ACTIVE,0
meta,meta_ad_837,2025-12-02 07:00:00+00:00,161,5,0.007867,USD,VALIDATED,ACTIVE,0
meta,meta_ad_1031,2025-11-25 12:00:00+00:00,295,1,0.135728,USD,ENRICHED,ACTIVE,0
meta,meta_ad_1148,2026-01-10 17:00:00+00:00,111,0,0.142415,USD,VALIDATED,ACTIVE,33
meta,meta_ad_703,2025-10-06 05:00:00+00:00,147,1,0.013007,USD,RECEIVED,ACTIVE,0
meta,meta_ad_1172,2025-12-11 19:00:00+00:00,166,8,0.194963,USD,VALIDATED,ARCHIVED,32
meta,meta_ad_774,2025-12-02 20:00:00+00:00,235,3,0.052751,USD,ENRICHED,DISAPPROVED,0
meta,meta_ad_1393,2026-01-01 18:00:00+00:00,179,1,0.137472,USD,PUBLISHED,DRAFT,85
meta,meta_ad_533,2025-11-21 18:00:00+00:00,148,3,0.030218,USD,VALIDATED,LIMITED,0
meta,meta_ad_96,2025-11-09 21:00:00+00:00,77,0,0.028726,USD,PUBLISHED,PAUSED,18
meta,meta_ad_772,2025-10-14 11:00:00+00:00,161,3,0.029522,USD,ENRICHED,DISAPPROVED,63
meta,meta_ad_429,2025-11-06 13:00:00+00:00,126,8,0.173214,USD,PUBLISHED,ACTIVE,3
meta,meta_ad_328,2025-12-25 19:00:00+00:00,624,25,0.546141,USD,PUBLISHED,ACTIVE,148
meta,meta_ad_693,2025-10-23 21:00:00+00:00,619,5,0.450067,USD,PUBLISHED,LIMITED,172
meta,meta_ad_1106,2025-10-28 05:00:00+00:00,249,9,0.281185,USD,ENRICHED,ACTIVE,117
meta,meta_ad_1406,2025-10-15 10:00:00+00:00,131,7,0.047718,USD,VALIDATED,ACTIVE,0
meta,meta_ad_20,2025-12-22 11:00:00+00:00,158,28,0.133979,USD,VALIDATED,DRAFT,0
meta,meta_ad_875,2025-12-23 17:00:00+00:00,86,1,0.050298,USD,ENRICHED,ARCHIVED,10
meta,meta_ad_1410,2025-10-13 11:00:00+00:00,1356,50,1.357436,USD,ENRICHED,PAUSED,0
meta,meta_ad_942,2025-11-16 21:00:00+00:00,233,14,0.083968,USD,RECEIVED,ARCHIVED,56
meta,meta_ad_1121,2026-01-06 03:00:00+00:00,165,4,0.082526,USD,VALIDATED,ACTIVE,0
meta,meta_ad_1278,2025-09-30 14:00:00+00:00,183,10,0.026855,USD,PUBLISHED,PAUSED,27
meta,meta_ad_1038,2025-11-13 01:00:00+00:00,331,7,0.096092,USD,VALIDATED,LIMITED,0
meta,meta_ad_1474,2025-11-21 15:00:00+00:00,183,1,0.077573,USD,VALIDATED,DISAPPROVED,0
meta,meta_ad_82,2025-12-29 14:00:00+00:00,250,11,0.148412,USD,VALIDATED,ACTIVE,0
meta,meta_ad_172,2025-11-22 02:00:00+00:00,125,4,0.051602,USD,VALIDATED,DISAPPROVED,7
meta,meta_ad_650,2025-12-26 10:00:00+00:00,135,2,0.050962,USD,PUBLISHED,ACTIVE,0
meta,meta_ad_1442,2025-10-16 05:00:00+00:00,125,6,0.090167,USD,VALIDATED,ACTIVE,0
meta,meta_ad_1288,2025-10-02 17:00:00+00:00,20,0,0.018038,USD,ENRICHED,PAUSED,0
meta,meta_ad_353,2025-10-08 03:00:00+00:00,119,3,0.045787,USD,RECEIVED,ACTIVE,0
meta,meta_ad_1451,2025-12-11 03:00:00+00:00,247,8,0.100476,USD,ENRICHED,ACTIVE,0
meta,meta_ad_1468,2025-09-22 03:00:00+00:00,81,4,0.031077,USD,ENRICHED,ACTIVE,2
meta,meta_ad_990,2025-12-26 21:00:00+00:00,94,2,0.00041819786933659363,USD,PUBLISHED,ACTIVE,0
meta,meta_ad_1406,2025-10-10 07:00:00+00:00,143,7,0.092455,USD,ENRICHED,ACTIVE,0
meta,meta_ad_1124,2026-01-14 20:00:00+00:00,438,7,0.82233,USD,PUBLISHED,DRAFT,46
meta,meta_ad_252,2025-11-21 07:00:00+00:00,263,20,0.217016,USD,PUBLISHED,ACTIVE,0
meta,meta_ad_110,2026-01-16 22:00:00+00:00,101,2,0.06306,USD,ENRICHED,ACTIVE,0
meta,meta_ad_859,2026-01-02 01:00:00+00:00,499,28,0.158205,USD,VALIDATED,ACTIVE,0
meta,meta_ad_357,2025-11-23 09:00:00+00:00,146,3,0.17549,USD,VALIDATED,ACTIVE,0
meta,meta_ad_746,2025-12-07 10:00:00+00:00,165,1,0.068724,USD,RECEIVED,ACTIVE,17
meta,meta_ad_954,2025-12-06 12:00:00+00:00,124,6,0.159206,USD,VALIDATED,ACTIVE,0
meta,meta_ad_25,2025-09-20 08:00:00+00:00,59,2,0.05084,USD,PUBLISHED,ACTIVE,0
meta,meta_ad_733,2025-10-09 15:00:00+00:00,505,7,0.869708,USD,PUBLISHED,PAUSED,6
meta,meta_ad_1441,2025-12-13 02:00:00+00:00,68,0,0.030588,USD,ENRICHED,ACTIVE,22
meta,meta_ad_1357,2025-11-02 15:00:00+00:00,89,1,0.056776,USD,VALIDATED,ACTIVE,20
meta,meta_ad_341,2025-10-27 15:00:00+00:00,209,2,0.195971,USD,PUBLISHED,ACTIVE,51
meta,meta_ad_675,2025-11-30 18:00:00+00:00,102,5,0.07069,USD,ENRICHED,PAUSED,0
meta,meta_ad_412,2025-09-21 16:00:00+00:00,83,7,0.035715,USD,ENRICHED,ACTIVE,25
meta,meta_ad_620,2026-01-04 12:00:00+00:00,50,0,0.031337,USD,PUBLISHED,LIMITED,15
meta,meta_ad_1433,2025-10-06 05:00:00+00:00,611,44,0.350633,USD,VALIDATED,PAUSED,54
meta,meta_ad_1209,2025-10-18 00:00:00+00:00,260,5,0.217928,USD,VALIDATED,ACTIVE,0
meta,meta_ad_726,2025-12-21 13:00:00+00:00,77,0,0.05161,USD,RECEIVED,ACTIVE,0
meta,meta_ad_556,2025-11-23 11:00:00+00:00,83,10,0.008468,USD,PUBLISHED,ACTIVE,1
meta,meta_ad_700,2025-12-02 10:00:00+00:00,134,7,0.152892,USD,ENRICHED,ACTIVE,33
meta,meta_ad_877,2025-12-08 23:00:00+00:00,128,5,0.036344,USD,PUBLISHED,ACTIVE,0
meta,meta_ad_761,2026-01-04 10:00:00+00:00,99,0,0.03197,USD,RECEIVED,ACTIVE,0
meta,meta_ad_646,2025-12-25 18:00:00+00:00,27,0,0.015078,USD,ENRICHED,ARCHIVED,0
meta,meta_ad_47,2025-11-22 16:00:00+00:00,187,4,0.123464,USD,PUBLISHED,ACTIVE,0
meta,meta_ad_698,2025-12-20 12:00:00+00:00,81,0,0.041197,USD,PUBLISHED,ACTIVE,0
meta,meta_ad_1319,2025-11-09 13:00:00+00:00,220,1,0.084405,USD,ENRICHED,DRAFT,0
meta,meta_ad_446,2025-12-11 07:00:00+00:00,206,0,0.00605228859893857,USD,ENRICHED,ACTIVE,0
meta,meta_ad_887,2025-12-27 15:00:00+00:00,97,3,0.078886,USD,VALIDATED,ACTIVE,0
meta,meta_ad_1061,2025-12-26 09:00:00+00:00,209,1,0.206695,USD,PUBLISHED,ACTIVE,0
meta,meta_ad_1132,2025-10-22 18:00:00+00:00,236,12,0.296467,USD,ENRICHED,PAUSED,99
meta,meta_ad_1189,2025-12-06 14:00:00+00:00,111,9,0.056021,USD,ENRICHED,ACTIVE,10
meta,meta_ad_339,2026-01-15 10:00:00+00:00,329,34,0.174794,USD,RECEIVED,DRAFT,0
meta,meta_ad_796,2025-10-17 23:00:00+00:00,187,8,0.090405,USD,VALIDATED,DISAPPROVED,38
meta,meta_ad_722,2025-10-20 08:00:00+00:00,294,15,0.517358,USD,ENRICHED,ACTIVE,0
meta,meta_ad_1237,2025-11-15 19:00:00+00:00,75,5,0.067223,USD,ENRICHED,ACTIVE,0
meta,meta_ad_326,2025-11-13 06:00:00+00:00,285,15,0.445312,USD,RECEIVED,ACTIVE,0
meta,meta_ad_107,2026-01-14 22:00:00+00:00,140,2,0.102062,USD,PUBLISHED,ACTIVE,0
meta,meta_ad_950,2026-01-11 23:00:00+00:00,367,36,0.024648,USD,VALIDATED,DRAFT,0
meta,meta_ad_485,2025-10-25 15:00:00+00:00,190,2,0.318383,USD,ENRICHED,ACTIVE,0
meta,meta_ad_596,2025-09-29 13:00:00+00:00,181,5,0.118103,USD,VALIDATED,ACTIVE,18
meta,meta_ad_1028,2025-12-29 22:00:00+00:00,59,2,0.077852,USD,VALIDATED,PAUSED,4
meta,meta_ad_827,2025-11-14 14:00:00+00:00,160,4,0.095789,USD,PUBLISHED,DRAFT,0
meta,meta_ad_681,2025-12-05 20:00:00+00:00,277,4,0.220615,USD,ENRICHED,DISAPPROVED,0
meta,meta_ad_1141,2026-01-05 22:00:00+00:00,296,9,0.256584,USD,RECEIVED,ACTIVE,0
meta,meta_ad_1066,2025-12-03 23:00:00+00:00,208,17,0.072881,USD,VALIDATED,PAUSED,80
meta,meta_ad_1479,2025-10-15 09:00:00+00:00,105,8,0.070417,USD,ENRICHED,ACTIVE,0
meta,meta_ad_563,2026-01-03 05:00:00+00:00,71,1,0.056475,USD,ENRICHED,LIMITED,11
meta,meta_ad_837,2025-12-13 06:00:00+00:00,558,23,0.05622,USD,ENRICHED,ACTIVE,0
meta,meta_ad_203,2025-10-15 14:00:00+00:00,240,3,0.039739,USD,VALIDATED,ACTIVE,47
meta,meta_ad_105,2025-10-09 05:00:00+00:00,89,4,0.059123,USD,VALIDATED,LIMITED,0
meta,meta_ad_312,2025-11-19 14:00:00+00:00,125,9,0.037079,USD,ENRICHED,PAUSED,0
meta,meta_ad_1143,2025-10-20 04:00:00+00:00,102,1,0.14297,USD,RECEIVED,ACTIVE,0
meta,meta_ad_45,2025-11-07 22:00:00+00:00,198,6,0.074131,USD,PUBLISHED,ACTIVE,36
meta,meta_ad_154,2025-11-05 16:00:00+00:00,143,21,0.065567,USD,RECEIVED,ACTIVE,0
meta,meta_ad_64,2025-11-06 06:00:00+00:00,159,1,0.060483,USD,ENRICHED,ACTIVE,0
meta,meta_ad_298,2025-09-22 01:00:00+00:00,182,10,0.076561,USD,VALIDATED,ACTIVE,16
meta,meta_ad_1093,2025-12-03 15:00:00+00:00,259,8,0.158863,USD,VALIDATED,LIMITED,26
meta,meta_ad_125,2025-11-21 03:00:00+00:00,48,1,0.024409,USD,ENRICHED,PAUSED,13
meta,meta_ad_837,2025-12-01 23:00:00+00:00,20,3,0.005828,USD,ENRICHED,ARCHIVED,7
meta,meta_ad_617,2025-10-14 10:00:00+00:00,137,3,0.034878,USD,PUBLISHED,ACTIVE,0
meta,meta_ad_924,2025-11-25 12:00:00+00:00,149,2,0.168131,USD,ENRICHED,PAUSED,0
meta,meta_ad_1400,2025-12-24 07:00:00+00:00,232,5,0.369525,USD,ENRICHED,ACTIVE,34
meta,meta_ad_1425,2025-11-05 02:00:00+00:00,250,34,0.272651,USD,PUBLISHED,ACTIVE,0
meta,meta_ad_1399,2025-10-28 09:00:00+00:00,184,4,0.270319,USD,VALIDATED,ACTIVE,0
meta,meta_ad_1008,2025-12-19 08:00:00+00:00,335,19,0.204811,USD,PUBLISHED,ACTIVE,0
meta,meta_ad_627,2025-10-07 15:00:00+00:00,217,11,0.042726,USD,ENRICHED,ACTIVE,46
meta,meta_ad_367,2025-12-06 17:00:00+00:00,68,4,0.036101,USD,VALIDATED,ACTIVE,0
meta,meta_ad_649,2025-11-25 02:00:00+00:00,526,33,1.014271,USD,ENRICHED,ACTIVE,0
meta,meta_ad_190,2025-11-17 06:00:00+00:00,176,10,0.089273,USD,PUBLISHED,ACTIVE,0
meta,meta_ad_1166,2025-12-14 18:00:00+00:00,93,1,0.140982,USD,VALIDATED,ACTIVE,0
meta,meta_ad_408,2025-11-09 16:00:00+00:00,194,9,0.172792,USD,ENRICHED,ACTIVE,0
meta,meta_ad_1013,2025-12-21 09:00:00+00:00,124,1,0.0013368142900393228,USD,VALIDATED,ACTIVE,0
meta,meta_ad_123,2025-09-29 22:00:00+00:00,77,5,0.15277,USD,VALIDATED,ACTIVE,0
meta,meta_ad_298,2025-10-24 09:00:00+00:00,270,400,0.108083,USD,VALIDATED,ACTIVE,19
meta,meta_ad_662,2026-01-02 21:00:00+00:00,196,0,0.164913,USD,VALIDATED,ACTIVE,28
meta,meta_ad_869,2025-12-07 21:00:00+00:00,363,4,0.191704,USD,PUBLISHED,PAUSED,66
meta,meta_ad_358,2025-12-08 23:00:00+00:00,183,254,0.015321,USD,PUBLISHED,LIMITED,0
meta,meta_ad_42,2026-01-12 07:00:00+00:00,251,18,0.165899,USD,PUBLISHED,DRAFT,9
meta,meta_ad_389,2025-11-20 04:00:00+00:00,296,338,0.114376,USD,ENRICHED,PAUSED,0
meta,meta_ad_1341,2025-12-02 20:00:00+00:00,778,5,0.1327,USD,ENRICHED,ACTIVE,191
meta,meta_ad_839,2025-12-21 20:00:00+00:00,225,3,0.108287,USD,PUBLISHED,ACTIVE,24
meta,meta_ad_33,2025-10-23 10:00:00+00:00,166,9,0.081059,USD,PUBLISHED,ACTIVE,28
meta,meta_ad_871,2025-10-15 05:00:00+00:00,149,6,0.032811,USD,VALIDATED,ACTIVE,0
meta,meta_ad_1387,2026-01-11 11:00:00+00:00,292,9,0.072514,USD,VALIDATED,PAUSED,0
meta,meta_ad_563,2025-11-24 10:00:00+00:00,41,3,-0.020572,USD,VALIDATED,ACTIVE,0
meta,meta_ad_1458,2026-01-06 22:00:00+00:00,112,1,0.133383,USD,RECEIVED,DRAFT,15
meta,meta_ad_895,2025-11-03 09:00:00+00:00,329,51,0.386223,USD,ENRICHED,DISAPPROVED,23
meta,meta_ad_220,2025-12-13 16:00:00+00:00,71,1,0.057929,USD,VALIDATED,PAUSED,0
meta,meta_ad_725,2025-11-04 03:00:00+00:00,110,0,0.068915,USD,VALIDATED,LIMITED,17
meta,meta_ad_304,2025-11-19 13:00:00+00:00,491,18,0.273121,USD,PUBLISHED,ACTIVE,123
meta,meta_ad_71,2025-11-21 02:00:00+00:00,647,36,0.472848,USD,VALIDATED,ACTIVE,206
meta,meta_ad_386,2025-11-03 16:00:00+00:00,129,5,0.081102,USD,ENRICHED,LIMITED,0
meta,meta_ad_1277,2025-11-17 16:00:00+00:00,283,14,0.111569,USD,PUBLISHED,PAUSED,17
meta,meta_ad_875,2025-11-07 22:00:00+00:00,966,19,0.783262,USD,ENRICHED,ACTIVE,0
meta,meta_ad_1172,2025-10-23 17:00:00+00:00,82,6,0.075371,USD,VALIDATED,ACTIVE,0
meta,meta_ad_1231,2025-12-04 15:00:00+00:00,128,3,0.073158,USD,PUBLISHED,PAUSED,0
meta,meta_ad_20,2026-01-06 03:00:00+00:00,158,1,0.018784,USD,VALIDATED,ACTIVE,60
meta,meta_ad_1116,2025-12-01 04:00:00+00:00,301,30,0.207117,USD,VALIDATED,ACTIVE,0
meta,meta_ad_1317,2025-12-22 05:00:00+00:00,624,34,0.282755,USD,VALIDATED,ACTIVE,31
meta,meta_ad_1083,2025-09-21 20:00:00+00:00,64,2,0.086026,USD,ENRICHED,ACTIVE,14
meta,meta_ad_517,2025-12-22 01:00:00+00:00,148,1,0.128194,USD,VALIDATED,DRAFT,19
meta,meta_ad_160,2025-12-22 20:00:00+00:00,53,4,0.074187,USD,VALIDATED,ACTIVE,5
meta,meta_ad_305,2025-12-24 07:00:00+00:00,503,3,0.112356,USD,RECEIVED,DRAFT,0
meta,meta_ad_85,2025-10-21 09:00:00+00:00,67,2,0.042116,USD,VALIDATED,ACTIVE,0
meta,meta_ad_561,2025-10-14 15:00:00+00:00,65,1,0.079324,USD,VALIDATED,ACTIVE,6
meta,meta_ad_670,2025-12-30 16:00:00+00:00,65,1,0.0497,USD,ENRICHED,LIMITED,0
meta,meta_ad_924,2025-11-21 18:00:00+00:00,84,1,0.051373,USD,ENRICHED,ACTIVE,23
meta,meta_ad_1376,2026-01-01 03:00:00+00:00,639,17,1.060863,USD,RECEIVED,ACTIVE,0
meta,meta_ad_491,2026-01-11 23:00:00+00:00,126,4,0.032745,USD,VALIDATED,ACTIVE,0
meta,meta_ad_1073,2025-10-24 17:00:00+00:00,561,4,0.130836,USD,VALIDATED,ACTIVE,0
meta,meta_ad_1033,2025-11-14 15:00:00+00:00,329,1,0.568723,USD,ENRICHED,ACTIVE,0
meta,meta_ad_141,2025-10-07 21:00:00+00:00,211,11,0.232797,USD,PUBLISHED,ACTIVE,0
meta,meta_ad_667,2025-11-05 10:00:00+00:00,89,0,0.020963,USD,PUBLISHED,ACTIVE,0
meta,meta_ad_3,2026-01-09 05:00:00+00:00,317,9,0.031045,USD,VALIDATED,ACTIVE,0
meta,meta_ad_332,2025-10-15 15:00:00+00:00,91,9,0.035204,USD,VALIDATED,ACTIVE,23
meta,meta_ad_230,2025-11-10 18:00:00+00:00,250,3,0.195006,USD,ENRICHED,ACTIVE,21
meta,meta_ad_752,2025-11-24 01:00:00+00:00,208,6,0.045187,USD,VALIDATED,ACTIVE,0
meta,meta_ad_763,2025-11-13 09:00:00+00:00,163,4,0.072004,USD,ENRICHED,PAUSED,27
meta,meta_ad_60,2025-10-02 13:00:00+00:00,312,16,0.419934,USD,VALIDATED,LIMITED,149
meta,meta_ad_1457,2025-11-21 00:00:00+00:00,266,377,0.039838,USD,ENRICHED,ACTIVE,0
meta,meta_ad_539,2025-09-29 22:00:00+00:00,146,5,0.101093,USD,ENRICHED,ACTIVE,0
meta,meta_ad_1347,2025-12-25 12:00:00+00:00,120,3,0.002697532804678374,USD,VALIDATED,ACTIVE,0
meta,meta_ad_502,2025-11-28 02:00:00+00:00,551,6,0.968108,USD,RECEIVED,ACTIVE,0
meta,meta_ad_1325,2025-11-29 00:00:00+00:00,138,23,0.081732,USD,PUBLISHED,ACTIVE,21
meta,meta_ad_1464,2025-09-22 03:00:00+00:00,45,1,0.022036,USD,VALIDATED,ACTIVE,19
meta,meta_ad_855,2025-11-13 15:00:00+00:00,137,1,0.086914,USD,VALIDATED,DRAFT,71
meta,meta_ad_779,2025-12-29 05:00:00+00:00,256,7,0.151912,USD,VALIDATED,ACTIVE,0
meta,meta_ad_335,2026-01-02 21:00:00+00:00,164,13,0.129136,USD,ENRICHED,ACTIVE,35
meta,meta_ad_489,2025-11-05 14:00:00+00:00,135,4,0.138998,USD,VALIDATED,ACTIVE,0
meta,meta_ad_66,2025-11-10 22:00:00+00:00,192,9,0.213489,USD,ENRICHED,ACTIVE,30
meta,meta_ad_739,2025-12-13 18:00:00+00:00,90,5,0.14838,USD,VALIDATED,ACTIVE,0
meta,meta_ad_470,2025-11-17 08:00:00+00:00,28,0,0.014495,USD,PUBLISHED,ACTIVE,0
meta,meta_ad_70,2025-10-16 05:00:00+00:00,211,7,0.333955,USD,ENRICHED,ACTIVE,65
meta,meta_ad_1042,2025-11-23 23:00:00+00:00,84,3,0.076101,USD,VALIDATED,ACTIVE,0
meta,meta_ad_795,2025-10-08 01:00:00+00:00,164,6,0.165838,USD,VALIDATED,PAUSED,0
meta,meta_ad_452,2025-10-10 22:00:00+00:00,112,6,0.120909,USD,VALIDATED,ACTIVE,10
meta,meta_ad_676,2026-01-08 13:00:00+00:00,198,2,0.049301,USD,PUBLISHED,ACTIVE,0
meta,meta_ad_1035,2025-10-22 23:00:00+00:00,47,0,0.01852,USD,PUBLISHED,ACTIVE,3
meta,meta_ad_170,2025-11-18 08:00:00+00:00,97,3,0.039174,USD,PUBLISHED,ACTIVE,0
meta,meta_ad_151,2026-01-16 11:00:00+00:00,182,9,0.183237,USD,ENRICHED,ACTIVE,16
meta,meta_ad_1482,2025-12-02 23:00:00+00:00,217,10,0.147451,USD,ENRICHED,ACTIVE,0
meta,meta_ad_310,2026-01-03 12:00:00+00:00,235,5,0.231723,USD,VALIDATED,ACTIVE,53
meta,meta_ad_876,2025-12-05 13:00:00+00:00,690,22,0.559337,USD,RECEIVED,ACTIVE,0
meta,meta_ad_1377,2026-01-09 13:00:00+00:00,1040,73,0.487607,USD,RECEIVED,ACTIVE,0
meta,meta_ad_195,2025-12-20 23:00:00+00:00,1335,31,1.788754,USD,RECEIVED,ACTIVE,0
meta,meta_ad_1262,2026-01-12 10:00:00+00:00,475,4,1.0089,USD,ENRICHED,ACTIVE,0
meta,meta_ad_88,2025-12-28 02:00:00+00:00,387,7,0.290005,USD,PUBLISHED,ACTIVE,48
meta,meta_ad_293,2025-10-13 17:00:00+00:00,196,23,0.041898,USD,VALIDATED,ACTIVE,0
meta,meta_ad_690,2025-12-23 06:00:00+00:00,65,1,0.079008,USD,ENRICHED,ACTIVE,0
meta,meta_ad_1461,2025-11-22 13:00:00+00:00,211,9,0.035093,USD,VALIDATED,ACTIVE,0
meta,meta_ad_599,2025-11-28 16:00:00+00:00,85,8,0.017687,USD,PUBLISHED,ACTIVE,0
meta,meta_ad_334,2025-09-19 05:00:00+00:00,168,9,0.16772,USD,VALIDATED,DISAPPROVED,0
meta,meta_ad_696,2025-11-20 10:00:00+00:00,110,0,0.119097,USD,PUBLISHED,ACTIVE,0
meta,meta_ad_517,2025-11-01 14:00:00+00:00,335,1,0.294053,USD,VALIDATED,ACTIVE,0
meta,meta_ad_517,2025-10-09 13:00:00+00:00,240,5,0.154704,USD,VALIDATED,ACTIVE,28
meta,meta_ad_614,2025-10-09 02:00:00+00:00,231,1,0.132373,USD,RECEIVED,DRAFT,0
meta,meta_ad_30,2025-10-28 07:00:00+00:00,113,2,0.027253,USD,PUBLISHED,ACTIVE,17
meta,meta_ad_1138,2026-01-16 10:00:00+00:00,97,0,0.111452,USD,VALIDATED,ACTIVE,0
meta,meta_ad_1423,2025-12-17 20:00:00+00:00,44,4,0.070175,USD,VALIDATED,ACTIVE,10
meta,meta_ad_618,2025-12-17 19:00:00+00:00,251,2,-0.007101,USD,VALIDATED,DRAFT,61
meta,meta_ad_243,2025-09-20 02:00:00+00:00,175,8,0.040286,USD,VALIDATED,LIMITED,0
meta,meta_ad_1310,2025-12-05 07:00:00+00:00,167,8,0.035559,USD,PUBLISHED,ACTIVE,0
meta,meta_ad_32,2026-01-11 13:00:00+00:00,37,1,0.014055,USD,PUBLISHED,ACTIVE,3
meta,meta_ad_648,2025-11-09 12:00:00+00:00,159,11,0.019606,USD,VALIDATED,ACTIVE,53
meta,meta_ad_798,2025-12-04 12:00:00+00:00,380,17,0.188914,USD,RECEIVED,PAUSED,129
meta,meta_ad_1080,2025-10-06 07:00:00+00:00,117,2,0.132512,USD,PUBLISHED,ACTIVE,0
meta,meta_ad_1321,2025-12-26 12:00:00+00:00,201,3,0.253847,USD,PUBLISHED,DRAFT,53
meta,meta_ad_214,2025-11-27 13:00:00+00:00,91,9,0.062249,USD,VALIDATED,ACTIVE,0
meta,meta_ad_418,2025-10-18 11:00:00+00:00,61,2,0.041755,USD,PUBLISHED,ACTIVE,19
meta,meta_ad_53,2025-10-23 07:00:00+00:00,150,2,0.047266,USD,VALIDATED,ACTIVE,0
meta,meta_ad_1402,2025-11-26 22:00:00+00:00,308,1,0.248752,USD,VALIDATED,DRAFT,77
meta,meta_ad_756,2025-09-27 14:00:00+00:00,142,10,0.050702,USD,VALIDATED,ACTIVE,0
meta,meta_ad_712,2026-01-04 04:00:00+00:00,197,7,0.210473,USD,VALIDATED,ACTIVE,20
meta,meta_ad_21,2025-10-14 09:00:00+00:00,599,13,0.186612,USD,PUBLISHED,ACTIVE,91
meta,meta_ad_147,2025-10-22 01:00:00+00:00,420,11,0.145798,USD,ENRICHED,DRAFT,70
meta,meta_ad_297,2025-12-01 09:00:00+00:00,114,11,0.099291,USD,VALIDATED,ARCHIVED,7
meta,meta_ad_488,2025-09-20 18:00:00+00:00,369,2,0.413244,USD,VALIDATED,ACTIVE,68
meta,meta_ad_1106,2025-12-27 19:00:00+00:00,172,2,0.105848,USD,PUBLISHED,ACTIVE,0
meta,meta_ad_128,2025-10-29 08:00:00+00:00,214,30,0.043657,USD,RECEIVED,ACTIVE,62
meta,meta_ad_1029,2025-10-10 06:00:00+00:00,214,8,0.044388,USD,RECEIVED,ACTIVE,0
meta,meta_ad_93,2025-10-04 04:00:00+00:00,146,1,0.08726,USD,VALIDATED,ACTIVE,36
meta,meta_ad_961,2026-01-10 18:00:00+00:00,143,8,0.085177,USD,VALIDATED,ACTIVE,0
meta,meta_ad_412,2025-10-29 13:00:00+00:00,172,4,0.048938,USD,VALIDATED,ACTIVE,30
meta,meta_ad_921,2025-12-15 23:00:00+00:00,122,1,0.09488,USD,PUBLISHED,PAUSED,0
meta,meta_ad_1448,2025-12-17 23:00:00+00:00,108,2,0.062567,USD,RECEIVED,ACTIVE,0
meta,meta_ad_960,2026-01-01 10:00:00+00:00,107,0,0.023221,USD,PUBLISHED,ACTIVE,22
meta,meta_ad_159,2025-11-27 04:00:00+00:00,196,2,0.051192,USD,VALIDATED,ACTIVE,0
meta,meta_ad_282,2025-11-17 16:00:00+00:00,116,7,0.011342,USD,ENRICHED,DRAFT,0
meta,meta_ad_1194,2025-10-27 04:00:00+00:00,164,2,0.095886,USD,PUBLISHED,ACTIVE,0
meta,meta_ad_43,2025-12-17 02:00:00+00:00,86,0,0.029933,USD,PUBLISHED,ACTIVE,0
meta,meta_ad_290,2025-11-21 10:00:00+00:00,141,8,0.096589,USD,ENRICHED,ACTIVE,31
meta,meta_ad_312,2026-01-11 12:00:00+00:00,116,2,0.134085,USD,RECEIVED,PAUSED,0
meta,meta_ad_46,2025-11-16 13:00:00+00:00,570,50,0.281679,USD,PUBLISHED,ACTIVE,0
meta,meta_ad_239,2025-11-03 13:00:00+00:00,390,30,0.382712,USD,PUBLISHED,ACTIVE,150
meta,meta_ad_1001,2025-11-30 07:00:00+00:00,109,2,0.070719,USD,ENRICHED,ACTIVE,34
meta,meta_ad_434,2025-11-14 17:00:00+00:00,168,3,0.064208,USD,VALIDATED,ACTIVE,0
meta,meta_ad_1206,2025-12-26 19:00:00+00:00,198,6,0.012392,USD,ENRICHED,ACTIVE,0
meta,meta_ad_1427,2025-11-06 14:00:00+00:00,343,5,0.267881,USD,ENRICHED,ACTIVE,0
meta,meta_ad_656,2025-11-12 04:00:00+00:00,48,0,0.044818,USD,VALIDATED,ACTIVE,1
meta,meta_ad_438,2025-12-20 06:00:00+00:00,391,16,0.262876,USD,VALIDATED,ACTIVE,183
meta,meta_ad_143,2025-11-04 09:00:00+00:00,269,3,0.116574,USD,ENRICHED,DRAFT,0
meta,meta_ad_745,2026-01-11 21:00:00+00:00,259,27,0.229413,USD,PUBLISHED,ACTIVE,0
meta,meta_ad_70,2025-12-04 22:00:00+00:00,208,7,0.015911,USD,VALIDATED,PAUSED,21
meta,meta_ad_731,2025-12-03 07:00:00+00:00,252,11,0.138061,USD,VALIDATED,ACTIVE,0
meta,meta_ad_1275,2025-11-15 19:00:00+00:00,133,14,0.084384,USD,RECEIVED,PAUSED,57
meta,meta_ad_1112,2025-12-17 13:00:00+00:00,157,6,0.106257,USD,ENRICHED,ACTIVE,11
meta,meta_ad_345,2025-11-21 18:00:00+00:00,84,3,0.030212,USD,ENRICHED,ACTIVE,18
meta,meta_ad_1382,2025-11-03 06:00:00+00:00,220,13,0.058057,USD,ENRICHED,DISAPPROVED,34
meta,meta_ad_1198,2025-11-06 20:00:00+00:00,353,8,0.058699,USD,VALIDATED,PAUSED,0
meta,meta_ad_336,2025-10-08 13:00:00+00:00,166,1,0.012793,USD,VALIDATED,LIMITED,17
meta,meta_ad_1102,2025-09-21 14:00:00+00:00,138,6,0.069788,USD,VALIDATED,PAUSED,17
meta,meta_ad_377,2025-10-15 23:00:00+00:00,116,7,0.0463,USD,RECEIVED,ACTIVE,10
meta,meta_ad_943,2026-01-11 08:00:00+00:00,83,5,0.007826,USD,VALIDATED,DRAFT,0
meta,meta_ad_296,2025-12-24 11:00:00+00:00,40,0,0.032495,USD,PUBLISHED,ACTIVE,0
meta,meta_ad_645,2025-11-24 21:00:00+00:00,188,1,0.152838,USD,VALIDATED,PAUSED,26
meta,meta_ad_1476,2025-09-28 08:00:00+00:00,64,3,0.016065,USD,VALIDATED,ACTIVE,4
meta,meta_ad_1302,2025-12-18 14:00:00+00:00,411,603,0.60789,USD,ENRICHED,DRAFT,48
meta,meta_ad_1132,2025-09-30 11:00:00+00:00,134,0,0.204715,USD,PUBLISHED,PAUSED,36
meta,meta_ad_793,2025-11-01 01:00:00+00:00,191,13,0.08558,USD,VALIDATED,ACTIVE,16
meta,meta_ad_1151,2025-11-13 07:00:00+00:00,212,9,0.21652,USD,VALIDATED,ACTIVE,0
meta,meta_ad_1495,2025-10-08 10:00:00+00:00,117,11,0.182456,USD,ENRICHED,ACTIVE,21
meta,meta_ad_925,2025-11-08 03:00:00+00:00,693,2,0.506236,USD,VALIDATED,ACTIVE,0
meta,meta_ad_1379,2025-10-01 22:00:00+00:00,164,2,0.123102,USD,ENRICHED,PAUSED,50
meta,meta_ad_1152,2025-10-04 23:00:00+00:00,118,4,0.073233,USD,PUBLISHED,DRAFT,16
meta,meta_ad_585,2025-11-23 18:00:00+00:00,652,23,0.637726,USD,ENRICHED,ACTIVE,0
meta,meta_ad_1248,2025-10-30 06:00:00+00:00,46,0,0.006958,USD,VALIDATED,PAUSED,2
meta,meta_ad_1244,2025-10-17 11:00:00+00:00,326,11,0.188426,USD,VALIDATED,ACTIVE,72
meta,meta_ad_55,2026-01-04 12:00:00+00:00,44,3,0.024133,USD,ENRICHED,ACTIVE,3
meta,meta_ad_1115,2025-12-22 04:00:00+00:00,108,15,0.200837,USD,RECEIVED,DRAFT,0
meta,meta_ad_351,2026-01-16 01:00:00+00:00,68,2,0.04237,USD,VALIDATED,LIMITED,0
meta,meta_ad_139,2025-10-29 15:00:00+00:00,91,1,0.044716,USD,VALIDATED,LIMITED,0
meta,meta_ad_1075,2025-09-28 01:00:00+00:00,236,14,0.224706,USD,VALIDATED,ACTIVE,0
meta,meta_ad_1495,2025-09-24 01:00:00+00:00,252,4,0.210902,USD,VALIDATED,ACTIVE,31
meta,meta_ad_1173,2025-11-24 16:00:00+00:00,80,0,0.049966,USD,ENRICHED,ACTIVE,6
meta,meta_ad_845,2025-10-18 21:00:00+00:00,272,18,0.138473,USD,PUBLISHED,PAUSED,0
meta,meta_ad_903,2025-10-28 17:00:00+00:00,249,5,0.206192,USD,PUBLISHED,ACTIVE,61
meta,meta_ad_251,2025-12-10 09:00:00+00:00,805,103,0.267021,USD,PUBLISHED,ACTIVE,135
meta,meta_ad_573,2026-01-11 21:00:00+00:00,128,2,0.156133,USD,RECEIVED,LIMITED,46
meta,meta_ad_1381,2025-11-17 00:00:00+00:00,124,4,0.074506,USD,VALIDATED,PAUSED,21
meta,meta_ad_452,2025-11-01 20:00:00+00:00,266,11,0.049021,USD,ENRICHED,DRAFT,0
meta,meta_ad_484,2025-11-30 06:00:00+00:00,194,7,0.158361,USD,PUBLISHED,ACTIVE,0
meta,meta_ad_380,2025-10-18 22:00:00+00:00,66,0,-0.046915,USD,VALIDATED,PAUSED,11
meta,meta_ad_432,2026-01-01 04:00:00+00:00,49,3,0.059699,USD,VALIDATED,ACTIVE,0
meta,meta_ad_1499,2025-10-21 01:00:00+00:00,89,10,0.040441,USD,ENRICHED,ACTIVE,19
meta,meta_ad_1468,2025-09-26 08:00:00+00:00,104,5,0.079848,USD,PUBLISHED,ACTIVE,0
meta,meta_ad_635,2025-11-04 23:00:00+00:00,249,5,0.115803,USD,VALIDATED,ACTIVE,0
meta,meta_ad_693,2025-12-22 10:00:00+00:00,696,4,0.101487,USD,ENRICHED,ARCHIVED,0
meta,meta_ad_691,2025-11-01 21:00:00+00:00,407,12,0.094011,USD,PUBLISHED,ACTIVE,99
meta,meta_ad_725,2025-10-13 10:00:00+00:00,70,2,0.06824,USD,PUBLISHED,DRAFT,8
meta,meta_ad_883,2025-11-07 09:00:00+00:00,628,13,0.638391,USD,ENRICHED,ACTIVE,0
meta,meta_ad_722,2025-09-30 00:00:00+00:00,188,6,0.256188,USD,VALIDATED,ACTIVE,53
meta,meta_ad_900,2025-12-04 18:00:00+00:00,49,5,0.025288,USD,PUBLISHED,ACTIVE,0
meta,meta_ad_1308,2025-12-30 13:00:00+00:00,89,1,0.052225,USD,PUBLISHED,ACTIVE,0
meta,meta_ad_692,2025-12-29 02:00:00+00:00,91,6,0.049644,USD,PUBLISHED,ACTIVE,31
meta,meta_ad_1191,2025-11-29 12:00:00+00:00,83,0,0.059629,USD,ENRICHED,ACTIVE,17
meta,meta_ad_1438,2025-11-03 21:00:00+00:00,48,1,0.026516,USD,VALIDATED,ACTIVE,1
meta,meta_ad_605,2025-11-03 16:00:00+00:00,360,14,0.177175,USD,PUBLISHED,ACTIVE,0
meta,meta_ad_62,2025-11-21 17:00:00+00:00,645,31,0.696823,USD,VALIDATED,ACTIVE,0
meta,meta_ad_949,2025-10-01 07:00:00+00:00,165,7,0.069958,USD,PUBLISHED,ACTIVE,29
meta,meta_ad_1234,2025-11-08 23:00:00+00:00,117,0,0.035666,USD,ENRICHED,DISAPPROVED,0
meta,meta_ad_487,2025-10-28 23:00:00+00:00,563,53,0.22027,USD,VALIDATED,ACTIVE,0
meta,meta_ad_600,2025-11-17 03:00:00+00:00,209,23,0.133744,USD,ENRICHED,ACTIVE,19
meta,meta_ad_601,2025-09-26 20:00:00+00:00,442,6,0.160347,USD,RECEIVED,ACTIVE,0
meta,meta_ad_979,2026-01-04 16:00:00+00:00,146,6,0.055245,USD,PUBLISHED,ACTIVE,0
meta,meta_ad_1265,2025-10-26 17:00:00+00:00,224,3,0.046221,USD,VALIDATED,PAUSED,0
meta,meta_ad_797,2025-12-05 09:00:00+00:00,167,0,-0.08774600764883914,USD,VALIDATED,PAUSED,0
meta,meta_ad_219,2025-10-29 11:00:00+00:00,160,16,0.138405,USD,ENRICHED,ACTIVE,0
meta,meta_ad_21,2025-12-19 08:00:00+00:00,242,20,0.475741,USD,VALIDATED,ACTIVE,0
meta,meta_ad_279,2025-12-20 18:00:00+00:00,132,8,0.246002,USD,ENRICHED,LIMITED,0
meta,meta_ad_333,2025-10-15 00:00:00+00:00,1278,63,0.711516,USD,PUBLISHED,ACTIVE,0
meta,meta_ad_1316,2025-12-20 16:00:00+00:00,66,0,0.056083,USD,VALIDATED,LIMITED,0
meta,meta_ad_1158,2025-10-22 09:00:00+00:00,153,0,0.227223,USD,VALIDATED,ACTIVE,0
meta,meta_ad_188,2025-12-30 22:00:00+00:00,77,3,0.020697,USD,VALIDATED,ACTIVE,0
meta,meta_ad_860,2025-11-25 20:00:00+00:00,49,0,0.036957,USD,ENRICHED,ACTIVE,0
meta,meta_ad_148,2025-10-25 13:00:00+00:00,145,8,0.053921,USD,VALIDATED,ACTIVE,0
meta,meta_ad_1008,2025-11-30 02:00:00+00:00,182,13,0.194528,USD,ENRICHED,ACTIVE,0
meta,meta_ad_1073,2025-11-08 09:00:00+00:00,225,9,0.146016,USD,VALIDATED,ACTIVE,0
meta,meta_ad_88,2025-11-13 07:00:00+00:00,58,3,0.029616,USD,ENRICHED,ACTIVE,28
meta,meta_ad_322,2025-12-07 01:00:00+00:00,335,12,0.211153,USD,PUBLISHED,ACTIVE,0
meta,meta_ad_172,2025-11-28 10:00:00+00:00,77,1,0.069722,USD,PUBLISHED,ACTIVE,0
meta,meta_ad_1202,2025-12-26 13:00:00+00:00,126,3,0.043642,USD,RECEIVED,LIMITED,25
meta,meta_ad_1047,2025-11-29 13:00:00+00:00,140,1,0.010996,USD,PUBLISHED,ACTIVE,24
meta,meta_ad_256,2025-09-26 07:00:00+00:00,109,9,0.035706,USD,RECEIVED,ACTIVE,10
meta,meta_ad_1088,2025-11-14 21:00:00+00:00,98,5,0.020602,USD,ENRICHED,ACTIVE,19
meta,meta_ad_459,2025-10-12 23:00:00+00:00,35,2,0.009935,USD,RECEIVED,DRAFT,0
meta,meta_ad_1175,2025-12-28 03:00:00+00:00,273,2,0.187513,USD,VALIDATED,ACTIVE,0
meta,meta_ad_1253,2025-10-02 08:00:00+00:00,189,10,0.037552,USD,ENRICHED,ACTIVE,17
meta,meta_ad_1005,2025-10-19 21:00:00+00:00,187,1,0.23261,USD,PUBLISHED,ACTIVE,0
meta,meta_ad_620,2026-01-06 16:00:00+00:00,113,1,0.09603,USD,VALIDATED,ARCHIVED,0
meta,meta_ad_224,2025-09-23 20:00:00+00:00,293,11,0.166932,USD,ENRICHED,DISAPPROVED,0
meta,meta_ad_631,2025-11-11 19:00:00+00:00,72,2,0.096343,USD,VALIDATED,ACTIVE,0
meta,meta_ad_254,2025-11-14 03:00:00+00:00,317,13,0.115766,USD,VALIDATED,ACTIVE,0
meta,meta_ad_365,2025-12-25 04:00:00+00:00,146,1,0.145438,USD,PUBLISHED,ACTIVE,0
meta,meta_ad_305,2025-11-28 11:00:00+00:00,138,10,0.107033,USD,PUBLISHED,ACTIVE,0
meta,meta_ad_490,2025-11-11 23:00:00+00:00,131,5,0.28305,USD,ENRICHED,LIMITED,0
meta,meta_ad_1099,2025-10-16 09:00:00+00:00,88,4,0.023823,USD,ENRICHED,ACTIVE,7
meta,meta_ad_69,2025-11-04 09:00:00+00:00,121,14,0.033026,USD,RECEIVED,ACTIVE,0
meta,meta_ad_1116,2025-09-19 23:00:00+00:00,545,8,0.574208,USD,PUBLISHED,ACTIVE,86
meta,meta_ad_759,2025-11-02 00:00:00+00:00,61,4,0.002183,USD,PUBLISHED,PAUSED,0
meta,meta_ad_149,2025-11-09 06:00:00+00:00,48,1,0.006223,USD,PUBLISHED,ACTIVE,0
meta,meta_ad_332,2025-12-26 19:00:00+00:00,205,19,0.117614,USD,VALIDATED,ACTIVE,0
meta,meta_ad_420,2025-10-24 08:00:00+00:00,118,3,0.061207,USD,PUBLISHED,ACTIVE,8
meta,meta_ad_398,2025-11-29 07:00:00+00:00,228,3,0.27929,USD,VALIDATED,DRAFT,17
meta,meta_ad_80,2025-12-12 06:00:00+00:00,212,10,0.112849,USD,RECEIVED,ACTIVE,72
meta,meta_ad_209,2025-11-04 03:00:00+00:00,271,11,0.450593,USD,VALIDATED,ACTIVE,0
meta,meta_ad_273,2025-10-01 17:00:00+00:00,67,2,0.008779,USD,PUBLISHED,ACTIVE,5
meta,meta_ad_772,2025-10-10 19:00:00+00:00,42,2,0.067114,USD,RECEIVED,ACTIVE,6
meta,meta_ad_867,2025-11-14 19:00:00+00:00,350,19,0.312204,USD,VALIDATED,ACTIVE,105
meta,meta_ad_416,2025-10-10 17:00:00+00:00,825,61,0.624634,USD,ENRICHED,ACTIVE,0
meta,meta_ad_1282,2025-12-01 05:00:00+00:00,85,1,0.062048,USD,VALIDATED,ACTIVE,0
meta,meta_ad_42,2025-10-26 01:00:00+00:00,394,31,0.243269,USD,ENRICHED,PAUSED,101
meta,meta_ad_1229,2025-10-09 02:00:00+00:00,101,0,0.028444,USD,VALIDATED,ACTIVE,0
meta,meta_ad_441,2025-09-21 01:00:00+00:00,288,1,0.191312,USD,VALIDATED,ACTIVE,0
meta,meta_ad_1332,2025-10-28 11:00:00+00:00,324,7,0.132755,USD,PUBLISHED,ACTIVE,0
meta,meta_ad_924,2026-01-13 19:00:00+00:00,30,1,0.014069,USD,ENRICHED,ACTIVE,0
meta,meta_ad_395,2025-11-12 11:00:00+00:00,192,14,0.157711,USD,RECEIVED,ARCHIVED,28
meta,meta_ad_367,2025-10-09 21:00:00+00:00,115,10,0.080091,USD,PUBLISHED,LIMITED,0
meta,meta_ad_766,2025-12-28 01:00:00+00:00,326,8,0.099346,USD,PUBLISHED,PAUSED,0
meta,meta_ad_552,2026-01-03 08:00:00+00:00,24,2,0.008772,USD,PUBLISHED,PAUSED,0
meta,meta_ad_923,2025-11-17 03:00:00+00:00,74,2,0.120856,USD,PUBLISHED,ACTIVE,0
meta,meta_ad_1358,2025-10-14 07:00:00+00:00,203,11,0.203835,USD,RECEIVED,ACTIVE,0
meta,meta_ad_155,2025-11-12 02:00:00+00:00,78,1,0.056492,USD,VALIDATED,LIMITED,5
meta,meta_ad_646,2026-01-11 16:00:00+00:00,399,18,0.340002,USD,ENRICHED,ACTIVE,0
meta,meta_ad_1331,2025-10-12 16:00:00+00:00,218,4,0.189714,USD,ENRICHED,ACTIVE,0
meta,meta_ad_423,2025-12-16 09:00:00+00:00,187,1,0.161877,USD,ENRICHED,LIMITED,9
meta,meta_ad_1441,2025-11-16 15:00:00+00:00,434,28,0.153821,USD,VALIDATED,ACTIVE,0
meta,meta_ad_81,2025-09-28 09:00:00+00:00,64,3,0.050377,USD,VALIDATED,ACTIVE,0
meta,meta_ad_840,2025-10-23 02:00:00+00:00,55,1,0.006706,USD,PUBLISHED,ACTIVE,9
meta,meta_ad_834,2025-11-26 23:00:00+00:00,57,1,-0.00438,USD,PUBLISHED,ACTIVE,0
meta,meta_ad_107,2025-12-01 09:00:00+00:00,342,2,0.32461,USD,VALIDATED,ACTIVE,65
meta,meta_ad_1271,2025-11-06 08:00:00+00:00,310,10,0.139075,USD,ENRICHED,ACTIVE,0
meta,meta_ad_391,2025-10-02 14:00:00+00:00,167,1,0.155432,USD,VALIDATED,ACTIVE,0
meta,meta_ad_1162,2025-11-08 12:00:00+00:00,363,16,0.401219,USD,VALIDATED,ACTIVE,55
meta,meta_ad_812,2025-12-07 08:00:00+00:00,125,3,0.066474,USD,VALIDATED,LIMITED,0
meta,meta_ad_468,2025-12-17 19:00:00+00:00,198,1,0.072062,USD,PUBLISHED,LIMITED,11
meta,meta_ad_200,2025-10-30 08:00:00+00:00,85,1,0.171166,USD,VALIDATED,DISAPPROVED,0
meta,meta_ad_569,2025-12-09 12:00:00+00:00,263,3,-0.0016363951060618625,USD,ENRICHED,ACTIVE,0
meta,meta_ad_567,2025-11-03 02:00:00+00:00,811,69,0.647523,USD,PUBLISHED,ACTIVE,151
meta,meta_ad_1073,2025-11-27 02:00:00+00:00,94,0,0.042134,USD,VALIDATED,PAUSED,41
meta,meta_ad_908,2025-10-21 01:00:00+00:00,186,15,0.035821,USD,ENRICHED,DRAFT,0
meta,meta_ad_490,2025-11-25 18:00:00+00:00,290,12,0.155888,USD,VALIDATED,ACTIVE,0
meta,meta_ad_446,2025-09-30 22:00:00+00:00,250,7,0.231733,USD,VALIDATED,ACTIVE,33
meta,meta_ad_1280,2026-01-03 16:00:00+00:00,499,8,0.0032522959629406305,USD,VALIDATED,ACTIVE,0
meta,meta_ad_397,2025-09-29 09:00:00+00:00,81,9,0.0008105818372135054,USD,PUBLISHED,ARCHIVED,0
meta,meta_ad_1227,2025-11-27 05:00:00+00:00,421,3,0.050805,USD,PUBLISHED,ACTIVE,56
meta,meta_ad_1342,2025-11-28 02:00:00+00:00,411,3,0.319463,USD,VALIDATED,ACTIVE,138
meta,meta_ad_508,2025-10-02 16:00:00+00:00,513,40,0.45806,USD,ENRICHED,PAUSED,0
meta,meta_ad_936,2025-12-31 11:00:00+00:00,275,13,0.279814,USD,VALIDATED,ACTIVE,0
meta,meta_ad_1019,2026-01-15 14:00:00+00:00,407,12,0.301227,USD,PUBLISHED,ACTIVE,94
meta,meta_ad_1451,2025-11-09 18:00:00+00:00,357,5,0.133318,USD,PUBLISHED,ACTIVE,0
meta,meta_ad_693,2025-10-18 20:00:00+00:00,703,29,0.11173313835171754,USD,VALIDATED,ACTIVE,0
meta,meta_ad_764,2025-09-22 02:00:00+00:00,99,1,0.106647,USD,PUBLISHED,ACTIVE,4
meta,meta_ad_41,2025-11-27 04:00:00+00:00,151,7,0.052445,USD,ENRICHED,ACTIVE,26
meta,meta_ad_56,2026-01-11 00:00:00+00:00,111,3,0.208087,USD,VALIDATED,ARCHIVED,0
meta,meta_ad_229,2025-10-20 02:00:00+00:00,238,9,0.160696,USD,PUBLISHED,ACTIVE,0
meta,meta_ad_1334,2025-12-07 11:00:00+00:00,105,0,0.091115,USD,VALIDATED,DISAPPROVED,29
meta,meta_ad_703,2026-01-07 21:00:00+00:00,624,20,0.447743,USD,VALIDATED,ACTIVE,0
meta,meta_ad_1122,2025-11-03 16:00:00+00:00,400,19,0.067962,USD,VALIDATED,ACTIVE,0
meta,meta_ad_1458,2025-11-20 02:00:00+00:00,232,4,0.195592,USD,VALIDATED,ACTIVE,72
meta,meta_ad_58,2025-12-18 05:00:00+00:00,892,76,0.217424,USD,VALIDATED,ACTIVE,96
meta,meta_ad_1500,2025-12-12 17:00:00+00:00,99,0,0.099745,USD,PUBLISHED,ACTIVE,2
meta,meta_ad_1346,2025-11-15 19:00:00+00:00,257,2,0.081657,USD,RECEIVED,ACTIVE,109
meta,meta_ad_1259,2025-09-28 11:00:00+00:00,259,13,0.174717,USD,VALIDATED,PAUSED,0
meta,meta_ad_471,2025-10-22 02:00:00+00:00,80,3,0.02521,USD,VALIDATED,ACTIVE,0
meta,meta_ad_412,2025-11-15 13:00:00+00:00,452,19,0.233642,USD,ENRICHED,ACTIVE,0
meta,meta_ad_1014,2026-01-02 13:00:00+00:00,80,5,0.059199,USD,PUBLISHED,PAUSED,0
meta,meta_ad_354,2025-12-30 12:00:00+00:00,267,1,0.130099,USD,PUBLISHED,ARCHIVED,93
meta,meta_ad_1417,2025-12-13 22:00:00+00:00,181,1,0.039422,USD,PUBLISHED,LIMITED,21
meta,meta_ad_947,2025-11-12 23:00:00+00:00,78,2,0.152003,USD,PUBLISHED,ACTIVE,19
meta,meta_ad_295,2025-09-21 00:00:00+00:00,71,1,0.012189,USD,ENRICHED,ACTIVE,0
meta,meta_ad_683,2025-10-01 08:00:00+00:00,350,0,0.071126,USD,ENRICHED,ACTIVE,0
meta,meta_ad_1098,2025-10-30 13:00:00+00:00,140,10,0.052388,USD,PUBLISHED,ACTIVE,53
meta,meta_ad_168,2025-11-24 18:00:00+00:00,550,43,0.303956,USD,VALIDATED,ACTIVE,0
meta,meta_ad_1264,2025-12-11 13:00:00+00:00,313,11,0.208341,USD,RECEIVED,ACTIVE,97
meta,meta_ad_544,2025-11-17 10:00:00+00:00,111,7,0.054335,USD,PUBLISHED,ACTIVE,18
meta,meta_ad_1443,2025-10-13 19:00:00+00:00,275,3,0.134385,USD,RECEIVED,ARCHIVED,0
meta,meta_ad_1028,2025-12-03 13:00:00+00:00,111,1,0.110914,USD,PUBLISHED,ACTIVE,0
meta,meta_ad_608,2025-11-29 21:00:00+00:00,277,6,0.198638,USD,ENRICHED,ACTIVE,0
meta,meta_ad_591,2025-09-19 12:00:00+00:00,86,5,0.100456,USD,ENRICHED,ACTIVE,0
meta,meta_ad_574,2026-01-10 14:00:00+00:00,191,12,0.125875,USD,PUBLISHED,PAUSED,35
meta,meta_ad_1410,2025-10-10 03:00:00+00:00,192,12,0.026944,USD,PUBLISHED,ACTIVE,0
meta,meta_ad_304,2025-11-11 14:00:00+00:00,246,24,0.255198,USD,VALIDATED,ACTIVE,93
meta,meta_ad_734,2026-01-13 00:00:00+00:00,104,5,0.099217,USD,VALIDATED,PAUSED,0
meta,meta_ad_1149,2026-01-06 05:00:00+00:00,277,7,0.006481133331209669,USD,PUBLISHED,ARCHIVED,62
meta,meta_ad_714,2025-12-02 17:00:00+00:00,916,142,0.32992,USD,VALIDATED,ACTIVE,0
meta,meta_ad_978,2025-10-05 14:00:00+00:00,131,4,0.055223,USD,PUBLISHED,ACTIVE,0
meta,meta_ad_1185,2025-12-30 15:00:00+00:00,43,0,0.015732,USD,VALIDATED,PAUSED,0
meta,meta_ad_1185,2025-10-31 21:00:00+00:00,204,9,0.145328,USD,VALIDATED,ACTIVE,0
meta,meta_ad_1357,2025-12-27 19:00:00+00:00,273,7,0.055271,USD,VALIDATED,ACTIVE,0
meta,meta_ad_1395,2025-09-29 18:00:00+00:00,132,2,0.02933,USD,ENRICHED,LIMITED,6
meta,meta_ad_54,2025-10-13 01:00:00+00:00,122,1,0.100485,USD,VALIDATED,ACTIVE,0
meta,meta_ad_156,2025-10-17 08:00:00+00:00,107,5,0.090434,USD,VALIDATED,ACTIVE,0
meta,meta_ad_864,2025-10-09 18:00:00+00:00,128,1,0.109761,USD,ENRICHED,PAUSED,51
meta,meta_ad_572,2026-01-04 05:00:00+00:00,79,2,0.088199,USD,PUBLISHED,ACTIVE,20
meta,meta_ad_237,2025-10-10 10:00:00+00:00,184,1,0.044317,USD,ENRICHED,ACTIVE,52
meta,meta_ad_541,2025-10-22 08:00:00+00:00,190,5,0.198636,USD,VALIDATED,ACTIVE,0
meta,meta_ad_752,2025-11-15 16:00:00+00:00,208,1,0.127285,USD,VALIDATED,ACTIVE,0
meta,meta_ad_181,2025-09-22 23:00:00+00:00,157,0,0.014779,USD,ENRICHED,ACTIVE,0
meta,meta_ad_1238,2025-10-24 09:00:00+00:00,135,6,0.027415,USD,VALIDATED,ACTIVE,0
meta,meta_ad_511,2025-10-08 04:00:00+00:00,255,1,0.227747,USD,RECEIVED,PAUSED,0
meta,meta_ad_1246,2025-11-25 14:00:00+00:00,262,19,0.037955,USD,PUBLISHED,ACTIVE,0
meta,meta_ad_469,2025-12-25 11:00:00+00:00,279,3,0.234671,USD,PUBLISHED,ACTIVE,71
meta,meta_ad_1050,2026-01-13 06:00:00+00:00,84,3,0.075512,USD,ENRICHED,LIMITED,24
meta,meta_ad_1168,2025-11-24 17:00:00+00:00,107,8,0.006139,USD,VALIDATED,PAUSED,0
meta,meta_ad_1494,2025-12-22 12:00:00+00:00,98,2,0.025412,USD,PUBLISHED,ACTIVE,39
meta,meta_ad_792,2025-10-23 19:00:00+00:00,145,2,0.129639,USD,PUBLISHED,ACTIVE,0
meta,meta_ad_61,2026-01-14 09:00:00+00:00,37,0,0.014925,USD,ENRICHED,LIMITED,0
meta,meta_ad_415,2025-10-29 04:00:00+00:00,49,2,0.036064,USD,ENRICHED,ACTIVE,0
meta,meta_ad_376,2025-12-28 17:00:00+00:00,145,1,0.199975,USD,PUBLISHED,PAUSED,0
meta,meta_ad_1478,2025-12-07 22:00:00+00:00,65,2,0.069026,USD,PUBLISHED,DRAFT,0
meta,meta_ad_887,2025-12-14 05:00:00+00:00,116,2,0.064665,USD,RECEIVED,ACTIVE,7
meta,meta_ad_1418,2025-11-28 08:00:00+00:00,58,1,0.031576,USD,VALIDATED,ACTIVE,0
meta,meta_ad_1381,2025-11-06 17:00:00+00:00,304,1,0.230673,USD,ENRICHED,ACTIVE,60
meta,meta_ad_1323,2025-12-14 20:00:00+00:00,134,14,-0.075427,USD,PUBLISHED,DISAPPROVED,4
meta,meta_ad_220,2026-01-16 10:00:00+00:00,134,8,0.044725,USD,VALIDATED,ACTIVE,0
meta,meta_ad_533,2026-01-01 08:00:00+00:00,158,5,0.017198,USD,PUBLISHED,ACTIVE,0
meta,meta_ad_1133,2025-11-23 04:00:00+00:00,118,0,0.113742,USD,RECEIVED,ACTIVE,0
meta,meta_ad_132,2025-11-14 19:00:00+00:00,47,8,0.006672,USD,ENRICHED,ACTIVE,0
meta,meta_ad_1336,2025-12-18 04:00:00+00:00,182,3,-0.071899,USD,RECEIVED,ACTIVE,0
meta,meta_ad_727,2025-10-31 12:00:00+00:00,317,5,0.20739,USD,RECEIVED,ACTIVE,0
meta,meta_ad_544,2025-12-05 21:00:00+00:00,413,6,0.207458,USD,ENRICHED,ACTIVE,0
meta,meta_ad_219,2025-10-07 06:00:00+00:00,108,4,0.022584,USD,PUBLISHED,ACTIVE,0
meta,meta_ad_1302,2026-01-14 00:00:00+00:00,58,1,0.037326,USD,VALIDATED,DISAPPROVED,12
meta,meta_ad_96,2025-12-25 05:00:00+00:00,159,233,0.075418,USD,VALIDATED,ACTIVE,0
meta,meta_ad_1060,2025-12-31 16:00:00+00:00,651,14,0.223017,USD,VALIDATED,ACTIVE,122
meta,meta_ad_273,2026-01-15 13:00:00+00:00,189,2,0.0136,USD,ENRICHED,ACTIVE,30
meta,meta_ad_45,2025-10-21 13:00:00+00:00,251,5,-0.06415,USD,VALIDATED,ACTIVE,16
meta,meta_ad_240,2025-10-23 23:00:00+00:00,83,1,0.069103,USD,VALIDATED,ACTIVE,0
meta,meta_ad_64,2025-12-19 17:00:00+00:00,349,16,0.156364,USD,VALIDATED,LIMITED,0
meta,meta_ad_1260,2026-01-14 20:00:00+00:00,49,1,0.043238,USD,VALIDATED,LIMITED,0
meta,meta_ad_896,2025-12-15 10:00:00+00:00,31,4,0.058052,USD,VALIDATED,PAUSED,15
meta,meta_ad_930,2026-01-05 06:00:00+00:00,60,4,0.0644,USD,PUBLISHED,ACTIVE,8
meta,meta_ad_1133,2025-09-25 08:00:00+00:00,249,4,0.107843,USD,RECEIVED,ACTIVE,45
meta,meta_ad_873,2025-12-31 20:00:00+00:00,166,10,0.11073,USD,PUBLISHED,PAUSED,0
meta,meta_ad_996,2025-10-30 11:00:00+00:00,161,7,0.039262,USD,ENRICHED,ACTIVE,39
meta,meta_ad_1131,2025-11-02 13:00:00+00:00,166,4,0.058015,USD,PUBLISHED,ACTIVE,0
meta,meta_ad_184,2025-12-10 10:00:00+00:00,38,0,0.008139,USD,ENRICHED,DRAFT,5
meta,meta_ad_205,2025-11-26 02:00:00+00:00,178,12,0.111358,USD,ENRICHED,ARCHIVED,14
meta,meta_ad_381,2025-11-25 23:00:00+00:00,726,4,1.025907,USD,ENRICHED,ACTIVE,0
meta,meta_ad_1411,2026-01-03 02:00:00+00:00,44,0,-0.011648,USD,PUBLISHED,ACTIVE,0
meta,meta_ad_320,2025-09-20 20:00:00+00:00,242,6,0.592089,USD,PUBLISHED,ACTIVE,0
meta,meta_ad_941,2025-10-24 17:00:00+00:00,97,0,0.095772,USD,PUBLISHED,ACTIVE,0
meta,meta_ad_882,2025-10-18 13:00:00+00:00,140,3,0.09742,USD,PUBLISHED,ACTIVE,0
meta,meta_ad_956,2025-11-13 17:00:00+00:00,119,1,0.11609,USD,ENRICHED,ACTIVE,0
meta,meta_ad_852,2025-10-01 16:00:00+00:00,54,0,0.019399,USD,ENRICHED,ACTIVE,0
meta,meta_ad_439,2025-12-05 10:00:00+00:00,244,2,0.142094,USD,VALIDATED,ACTIVE,0
meta,meta_ad_85,2025-11-02 10:00:00+00:00,279,2,0.458335,USD,PUBLISHED,PAUSED,0
meta,meta_ad_91,2025-11-12 00:00:00+00:00,83,1,0.045951,USD,ENRICHED,ARCHIVED,0
meta,meta_ad_541,2025-11-22 08:00:00+00:00,447,18,0.290705,USD,PUBLISHED,ACTIVE,0
meta,meta_ad_307,2025-11-03 21:00:00+00:00,143,4,0.11086,USD,VALIDATED,ACTIVE,0
meta,meta_ad_522,2025-10-01 04:00:00+00:00,90,4,0.128926,USD,RECEIVED,ACTIVE,0
meta,meta_ad_775,2025-10-24 02:00:00+00:00,195,3,0.087715,USD,VALIDATED,ACTIVE,77
meta,meta_ad_1367,2025-12-11 09:00:00+00:00,620,22,0.160791,USD,ENRICHED,LIMITED,115
meta,meta_ad_1435,2025-10-18 20:00:00+00:00,100,0,0.023514,USD,PUBLISHED,ACTIVE,0
meta,meta_ad_277,2025-11-23 11:00:00+00:00,254,18,0.393642,USD,RECEIVED,PAUSED,29
meta,meta_ad_272,2025-10-06 21:00:00+00:00,228,2,0.159814,USD,VALIDATED,ACTIVE,18
meta,meta_ad_524,2025-12-26 05:00:00+00:00,250,32,0.156671,USD,VALIDATED,PAUSED,52
meta,meta_ad_148,2025-10-19 16:00:00+00:00,134,9,0.040727,USD,PUBLISHED,ACTIVE,11
meta,meta_ad_1281,2026-01-08 16:00:00+00:00,236,3,0.151667,USD,VALIDATED,ACTIVE,0
meta,meta_ad_908,2025-11-22 17:00:00+00:00,762,48,0.143295,USD,VALIDATED,ACTIVE,0
meta,meta_ad_456,2025-11-06 22:00:00+00:00,236,5,0.128208,USD,VALIDATED,PAUSED,21
meta,meta_ad_410,2025-10-17 23:00:00+00:00,173,1,0.139155,USD,PUBLISHED,ACTIVE,0
meta,meta_ad_886,2026-01-06 15:00:00+00:00,22,0,0.001292,USD,ENRICHED,ACTIVE,0
meta,meta_ad_420,2025-11-20 09:00:00+00:00,465,18,0.24365,USD,ENRICHED,ACTIVE,80
meta,meta_ad_1302,2025-10-17 02:00:00+00:00,119,4,0.06027,USD,PUBLISHED,PAUSED,62
meta,meta_ad_67,2025-12-28 14:00:00+00:00,158,10,0.044749,USD,ENRICHED,ACTIVE,0
meta,meta_ad_595,2025-12-11 19:00:00+00:00,68,4,0.090575,USD,PUBLISHED,PAUSED,15
meta,meta_ad_650,2025-11-28 15:00:00+00:00,69,3,0.020243,USD,ENRICHED,ACTIVE,0
meta,meta_ad_843,2025-12-14 07:00:00+00:00,153,10,0.012938,USD,ENRICHED,ACTIVE,15
meta,meta_ad_582,2025-12-23 07:00:00+00:00,179,6,0.149823,USD,PUBLISHED,ACTIVE,0
meta,meta_ad_1194,2025-09-20 17:00:00+00:00,104,7,0.010009,USD,PUBLISHED,ACTIVE,17
meta,meta_ad_131,2025-12-04 17:00:00+00:00,258,3,0.150313,USD,PUBLISHED,PAUSED,53
meta,meta_ad_316,2025-12-25 09:00:00+00:00,543,28,0.610539,USD,ENRICHED,ACTIVE,0
meta,meta_ad_698,2026-01-13 06:00:00+00:00,160,0,0.154601,USD,VALIDATED,ACTIVE,27
meta,meta_ad_721,2025-12-26 09:00:00+00:00,143,2,0.081332,USD,ENRICHED,ACTIVE,40
meta,meta_ad_422,2025-11-17 02:00:00+00:00,264,6,0.45356,USD,RECEIVED,ACTIVE,0
meta,meta_ad_381,2025-11-04 01:00:00+00:00,65,0,0.037579,USD,PUBLISHED,PAUSED,0
meta,meta_ad_555,2026-01-01 16:00:00+00:00,235,4,0.045372,USD,ENRICHED,DISAPPROVED,26
meta,meta_ad_151,2025-10-16 10:00:00+00:00,256,18,0.118319,USD,VALIDATED,ACTIVE,34
meta,meta_ad_1326,2026-01-14 17:00:00+00:00,16,0,0.01939,USD,ENRICHED,ACTIVE,3
meta,meta_ad_617,2026-01-06 19:00:00+00:00,127,6,0.021353,USD,ENRICHED,PAUSED,0
meta,meta_ad_1253,2026-01-09 14:00:00+00:00,289,7,0.09207,USD,VALIDATED,PAUSED,0
meta,meta_ad_190,2025-12-16 03:00:00+00:00,118,3,0.19534,USD,ENRICHED,ACTIVE,37
meta,meta_ad_548,2025-09-28 17:00:00+00:00,76,1,0.066381,USD,VALIDATED,ACTIVE,0
meta,meta_ad_467,2025-10-29 07:00:00+00:00,212,10,0.094263,USD,ENRICHED,ARCHIVED,53
meta,meta_ad_413,2025-12-24 11:00:00+00:00,129,9,0.344095,USD,ENRICHED,DRAFT,0
meta,meta_ad_837,2026-01-13 12:00:00+00:00,44,2,0.022177,USD,ENRICHED,ACTIVE,0
meta,meta_ad_130,2025-11-28 13:00:00+00:00,58,0,0.039817,USD,PUBLISHED,ACTIVE,5
meta,meta_ad_770,2025-11-06 16:00:00+00:00,121,2,0.114666,USD,VALIDATED,LIMITED,8
meta,meta_ad_998,2025-12-31 08:00:00+00:00,181,3,0.164796,USD,VALIDATED,ACTIVE,0
meta,meta_ad_295,2025-09-24 10:00:00+00:00,284,8,0.389168,USD,ENRICHED,ACTIVE,29
meta,meta_ad_1204,2025-12-23 16:00:00+00:00,106,8,0.210725,USD,VALIDATED,PAUSED,14
meta,meta_ad_764,2025-12-19 13:00:00+00:00,378,19,0.256951,USD,PUBLISHED,PAUSED,0
meta,meta_ad_1270,2025-09-19 12:00:00+00:00,112,9,0.133588,USD,RECEIVED,ACTIVE,27
meta,meta_ad_178,2025-11-02 08:00:00+00:00,494,10,0.327156,USD,PUBLISHED,ACTIVE,57
meta,meta_ad_1062,2025-11-03 13:00:00+00:00,100,2,0.035565,USD,VALIDATED,ACTIVE,25
meta,meta_ad_1415,2025-10-06 18:00:00+00:00,115,3,0.038646,USD,VALIDATED,ACTIVE,0
meta,meta_ad_672,2025-12-10 22:00:00+00:00,112,5,0.105479,USD,VALIDATED,ACTIVE,0
meta,meta_ad_376,2025-10-16 20:00:00+00:00,501,45,1.073424,USD,ENRICHED,ACTIVE,0
meta,meta_ad_356,2025-09-23 00:00:00+00:00,114,2,0.071226,USD,ENRICHED,ACTIVE,0
meta,meta_ad_916,2025-12-23 21:00:00+00:00,188,14,0.008953,USD,PUBLISHED,LIMITED,0
meta,meta_ad_1498,2025-09-30 18:00:00+00:00,1195,1285,0.517882,USD,PUBLISHED,ACTIVE,0
meta,meta_ad_156,2026-01-08 18:00:00+00:00,284,8,0.211854,USD,VALIDATED,PAUSED,31
meta,meta_ad_1106,2025-10-25 19:00:00+00:00,488,10,0.346293,USD,ENRICHED,ACTIVE,0
meta,meta_ad_7,2025-12-08 10:00:00+00:00,194,7,0.091102,USD,PUBLISHED,ACTIVE,13
meta,meta_ad_26,2025-11-28 22:00:00+00:00,77,0,0.086277,USD,PUBLISHED,ACTIVE,12
meta,meta_ad_991,2025-11-11 10:00:00+00:00,181,1,0.151317,USD,PUBLISHED,ACTIVE,0
meta,meta_ad_1369,2025-09-24 15:00:00+00:00,241,11,0.184315,USD,PUBLISHED,ACTIVE,0
meta,meta_ad_200,2025-10-07 00:00:00+00:00,69,1,0.025215,USD,ENRICHED,PAUSED,0
meta,meta_ad_942,2026-01-13 07:00:00+00:00,384,23,0.425122,USD,RECEIVED,DRAFT,0
meta,meta_ad_27,2025-12-13 12:00:00+00:00,74,5,0.110048,USD,ENRICHED,PAUSED,0
meta,meta_ad_709,2025-12-06 19:00:00+00:00,122,0,0.086569,USD,ENRICHED,ACTIVE,0
meta,meta_ad_1383,2025-09-20 06:00:00+00:00,85,6,0.054304,USD,VALIDATED,ACTIVE,6
meta,meta_ad_841,2025-12-05 23:00:00+00:00,484,38,0.136473,USD,VALIDATED,ACTIVE,0
meta,meta_ad_44,2025-12-17 05:00:00+00:00,286,1,0.030641,USD,VALIDATED,PAUSED,0
meta,meta_ad_834,2025-10-13 18:00:00+00:00,114,0,0.066711,USD,VALIDATED,ACTIVE,0
meta,meta_ad_473,2025-10-30 09:00:00+00:00,274,5,0.113944,USD,PUBLISHED,ACTIVE,0
meta,meta_ad_1034,2025-10-02 13:00:00+00:00,62,0,0.011192,USD,PUBLISHED,ACTIVE,0
meta,meta_ad_696,2025-12-15 23:00:00+00:00,181,5,0.0003126964124340602,USD,VALIDATED,PAUSED,32
meta,meta_ad_1200,2025-11-14 14:00:00+00:00,408,62,0.13492,USD,VALIDATED,ACTIVE,0
meta,meta_ad_332,2025-10-06 22:00:00+00:00,342,4,0.234232,USD,RECEIVED,ACTIVE,20
meta,meta_ad_1251,2025-12-31 16:00:00+00:00,121,11,0.097635,USD,VALIDATED,ACTIVE,12
meta,meta_ad_1478,2025-10-12 07:00:00+00:00,279,5,0.251768,USD,ENRICHED,PAUSED,52
meta,meta_ad_1135,2025-09-28 07:00:00+00:00,141,2,0.117784,USD,ENRICHED,PAUSED,3
meta,meta_ad_363,2025-12-14 09:00:00+00:00,172,1,0.027871,USD,VALIDATED,PAUSED,0
meta,meta_ad_151,2025-11-24 23:00:00+00:00,56,0,0.102651,USD,PUBLISHED,ACTIVE,0
meta,meta_ad_805,2025-10-18 16:00:00+00:00,75,1,0.022468,USD,VALIDATED,ACTIVE,0
meta,meta_ad_20,2026-01-06 03:00:00+00:00,158,1,0.018784,USD,VALIDATED,ACTIVE,60
meta,meta_ad_224,2025-09-23 20:00:00+00:00,293,11,0.166932,USD,ENRICHED,DISAPPROVED,0
meta,meta_ad_254,2025-11-14 03:00:00+00:00,317,13,0.115766,USD,VALIDATED,ACTIVE,0
meta,meta_ad_793,2025-11-01 01:00:00+00:00,191,13,0.08558,USD,VALIDATED,ACTIVE,16
meta,meta_ad_650,2025-12-26 10:00:00+00:00,135,2,0.050962,USD,PUBLISHED,ACTIVE,0
meta,meta_ad_903,2025-10-28 17:00:00+00:00,249,5,0.206192,USD,PUBLISHED,ACTIVE,61
meta,meta_ad_290,2025-11-21 10:00:00+00:00,141,8,0.096589,USD,ENRICHED,ACTIVE,31
meta,meta_ad_304,2025-11-19 13:00:00+00:00,491,18,0.273121,USD,PUBLISHED,ACTIVE,123
meta,meta_ad_703,2026-01-07 21:00:00+00:00,624,20,0.447743,USD,VALIDATED,ACTIVE,0
meta,meta_ad_352,2025-12-15 20:00:00+00:00,715,65,0.5577300251862173,USD,PUBLISHED,DRAFT,0
meta,meta_ad_1427,2025-11-06 14:00:00+00:00,343,5,0.267881,USD,ENRICHED,ACTIVE,0
meta,meta_ad_26,2025-11-28 22:00:00+00:00,77,0,0.086277,USD,PUBLISHED,ACTIVE,12
meta,meta_ad_721,2025-12-26 09:00:00+00:00,143,2,0.081332,USD,ENRICHED,ACTIVE,40
meta,meta_ad_1411,2026-01-03 02:00:00+00:00,44,0,-0.011648,USD,PUBLISHED,ACTIVE,0
meta,meta_ad_667,2025-11-12 18:00:00+00:00,151,5,0.103624,USD,VALIDATED,ACTIVE,0
meta,meta_ad_96,2025-12-25 05:00:00+00:00,159,233,0.075418,USD,VALIDATED,ACTIVE,0
meta,meta_ad_441,2025-09-21 01:00:00+00:00,288,1,0.191312,USD,VALIDATED,ACTIVE,0
meta,meta_ad_727,2025-12-28 11:00:00+00:00,384,12,0.249348,USD,ENRICHED,ACTIVE,0
meta,meta_ad_60,2025-10-02 13:00:00+00:00,312,16,0.419934,USD,VALIDATED,LIMITED,149
meta,meta_ad_59,2025-12-04 01:00:00+00:00,355,1,0.31647,USD,VALIDATED,DISAPPROVED,35
meta,meta_ad_160,2025-12-22 20:00:00+00:00,53,4,0.074187,USD,VALIDATED,ACTIVE,5
meta,meta_ad_1269,2025-12-22 05:00:00+00:00,121,0,0.028791,USD,RECEIVED,ACTIVE,0
meta,meta_ad_1001,2025-12-24 11:00:00+00:00,118,3,0.057134,USD,VALIDATED,LIMITED,0
meta,meta_ad_882,2025-10-18 13:00:00+00:00,140,3,0.09742,USD,PUBLISHED,ACTIVE,0
meta,meta_ad_1253,2026-01-09 14:00:00+00:00,289,7,0.09207,USD,VALIDATED,PAUSED,0
