platform,ad_id,timestamp_utc,impressions,clicks,spend,currency,pipeline_status,ad_lifecycle_status
snapchat,snap_ad_1704,2025-10-01 01:00:00+00:00,74,0,0.023921,USD,VALIDATED,ACTIVE
snapchat,snap_ad_2371,2025-11-28 14:00:00+00:00,139,3,0.009578,USD,RECEIVED,ACTIVE
snapchat,snap_ad_1252,2025-12-14 07:00:00+00:00,103,0,0.02906,USD,ENRICHED,LIMITED
snapchat,snap_ad_2106,2025-09-28 11:00:00+00:00,240,4,0.241774,USD,ENRICHED,ACTIVE
snapchat,snap_ad_1427,2025-10-01 21:00:00+00:00,36,0,0.008753,USD,VALIDATED,ACTIVE
snapchat,snap_ad_1756,2025-10-15 04:00:00+00:00,196,6,0.071917,USD,ENRICHED,ACTIVE
snapchat,snap_ad_1073,2026-01-12 15:00:00+00:00,238,2,0.236132,USD,VALIDATED,ACTIVE
snapchat,snap_ad_193,2025-11-22 17:00:00+00:00,513,5,0.163289,USD,ENRICHED,ACTIVE
snapchat,snap_ad_444,2025-11-30 14:00:00+00:00,27,0,0.018686,USD,PUBLISHED,PAUSED
snapchat,snap_ad_2316,2025-12-12 13:00:00+00:00,399,4,0.24878,USD,VALIDATED,ACTIVE
snapchat,snap_ad_1876,2025-12-08 20:00:00+00:00,147,4,0.01589,USD,PUBLISHED,ACTIVE
snapchat,snap_ad_826,2025-12-01 13:00:00+00:00,278,13,0.150314,USD,PUBLISHED,ACTIVE
snapchat,snap_ad_703,2026-01-03 05:00:00+00:00,323,8,0.20021,USD,RECEIVED,ACTIVE
snapchat,snap_ad_1913,2025-11-05 00:00:00+00:00,21,0,0.018703,USD,VALIDATED,ACTIVE
snapchat,snap_ad_2181,2025-12-12 17:00:00+00:00,363,3,0.174082,USD,VALIDATED,ACTIVE
snapchat,snap_ad_461,2025-10-18 07:00:00+00:00,297,0,0.131401,USD,VALIDATED,LIMITED
snapchat,snap_ad_433,2025-10-13 08:00:00+00:00,98,5,0.0654,USD,RECEIVED,ACTIVE
snapchat,snap_ad_1427,2025-12-06 18:00:00+00:00,84,1,0.041217,USD,ENRICHED,ACTIVE
snapchat,snap_ad_606,2025-10-31 21:00:00+00:00,142,6,0.106044,USD,VALIDATED,ACTIVE
snapchat,snap_ad_880,2025-09-25 22:00:00+00:00,778,8,0.778178,USD,ENRICHED,ARCHIVED
snapchat,snap_ad_2167,2025-10-13 23:00:00+00:00,201,4,0.214367,USD,VALIDATED,DISAPPROVED
snapchat,snap_ad_1349,2026-01-10 15:00:00+00:00,1072,31,0.16929,USD,VALIDATED,ACTIVE
snapchat,snap_ad_2362,2025-11-21 02:00:00+00:00,300,5,0.133392,USD,VALIDATED,LIMITED
snapchat,snap_ad_2158,2025-10-21 07:00:00+00:00,379,53,0.148753,USD,VALIDATED,LIMITED
snapchat,snap_ad_404,2025-10-08 00:00:00+00:00,73,0,0.064685,USD,VALIDATED,ACTIVE
snapchat,snap_ad_176,2026-01-07 12:00:00+00:00,63,2,0.042339,USD,RECEIVED,ACTIVE
snapchat,snap_ad_2127,2025-10-02 17:00:00+00:00,327,9,0.177259,USD,VALIDATED,ACTIVE
snapchat,snap_ad_785,2025-12-18 14:00:00+00:00,135,0,0.131975,USD,RECEIVED,ACTIVE
snapchat,snap_ad_266,2026-01-03 10:00:00+00:00,330,1,0.074125,USD,PUBLISHED,ACTIVE
snapchat,snap_ad_213,2025-10-10 23:00:00+00:00,427,4,0.052995,USD,VALIDATED,ACTIVE
snapchat,snap_ad_1242,2026-01-15 08:00:00+00:00,336,7,0.248179,USD,RECEIVED,ACTIVE
snapchat,snap_ad_465,2025-10-02 03:00:00+00:00,254,11,0.121797,USD,ENRICHED,ACTIVE
snapchat,snap_ad_2136,2025-10-08 02:00:00+00:00,147,0,0.057542,USD,PUBLISHED,DRAFT
snapchat,snap_ad_1596,2025-12-16 12:00:00+00:00,70,2,0.046348,USD,PUBLISHED,DISAPPROVED
snapchat,snap_ad_1239,2025-11-13 08:00:00+00:00,218,5,0.047343,USD,ENRICHED,ACTIVE
snapchat,snap_ad_1174,2026-01-04 02:00:00+00:00,468,41,0.482474,USD,VALIDATED,PAUSED
snapchat,snap_ad_1571,2025-11-17 07:00:00+00:00,240,3,0.16788452748508084,USD,ENRICHED,ACTIVE
snapchat,snap_ad_2386,2025-12-05 09:00:00+00:00,89,1,0.051432,USD,ENRICHED,ACTIVE
snapchat,snap_ad_399,2025-12-23 10:00:00+00:00,438,17,0.510405,USD,VALIDATED,LIMITED
snapchat,snap_ad_645,2025-11-13 04:00:00+00:00,213,3,0.230601,USD,VALIDATED,LIMITED
snapchat,snap_ad_905,2025-12-14 12:00:00+00:00,316,6,0.021597,USD,PUBLISHED,PAUSED
snapchat,snap_ad_449,2025-11-29 11:00:00+00:00,151,1,0.1853,USD,VALIDATED,DRAFT
snapchat,snap_ad_1888,2026-01-09 19:00:00+00:00,873,130,0.354755,USD,PUBLISHED,ACTIVE
snapchat,snap_ad_151,2025-09-30 02:00:00+00:00,97,0,0.05432,USD,PUBLISHED,ACTIVE
snapchat,snap_ad_1426,2025-12-20 02:00:00+00:00,529,4,0.195408,USD,PUBLISHED,ACTIVE
snapchat,snap_ad_1595,2025-10-12 09:00:00+00:00,232,8,0.27659,USD,VALIDATED,ACTIVE
snapchat,snap_ad_2067,2026-01-03 08:00:00+00:00,178,3,0.129857,USD,VALIDATED,ACTIVE
snapchat,snap_ad_1942,2026-01-14 16:00:00+00:00,314,166,0.083944,USD,ENRICHED,PAUSED
snapchat,snap_ad_933,2025-12-02 04:00:00+00:00,137,0,0.044044,USD,ENRICHED,ACTIVE
snapchat,snap_ad_1265,2025-10-18 00:00:00+00:00,1041,30,0.764162,USD,VALIDATED,ACTIVE
snapchat,snap_ad_1948,2025-10-31 20:00:00+00:00,49,0,0.01483,USD,VALIDATED,ACTIVE
snapchat,snap_ad_1110,2025-12-13 09:00:00+00:00,81,0,0.061785,USD,RECEIVED,ACTIVE
snapchat,snap_ad_2179,2025-10-08 09:00:00+00:00,103,3,0.014172,USD,VALIDATED,LIMITED
snapchat,snap_ad_1834,2025-11-03 17:00:00+00:00,137,2,0.007824,USD,VALIDATED,LIMITED
snapchat,snap_ad_1496,2025-10-07 20:00:00+00:00,179,8,0.104951,USD,PUBLISHED,ACTIVE
snapchat,snap_ad_2241,2025-11-30 20:00:00+00:00,55,0,0.038308,USD,VALIDATED,ACTIVE
snapchat,snap_ad_710,2025-11-23 08:00:00+00:00,55,0,0.006171,USD,PUBLISHED,ACTIVE
snapchat,snap_ad_429,2026-01-01 02:00:00+00:00,212,3,0.162015,USD,PUBLISHED,PAUSED
snapchat,snap_ad_1670,2026-01-02 07:00:00+00:00,192,6,0.153459,USD,PUBLISHED,ACTIVE
snapchat,snap_ad_190,2025-10-20 01:00:00+00:00,153,2,0.135312,USD,ENRICHED,ACTIVE
snapchat,snap_ad_1206,2025-11-09 15:00:00+00:00,113,0,0.197786,USD,VALIDATED,ACTIVE
snapchat,snap_ad_1910,2025-11-22 22:00:00+00:00,139,3,0.096833,USD,PUBLISHED,ARCHIVED
snapchat,snap_ad_327,2025-11-13 22:00:00+00:00,281,0,0.212467,USD,PUBLISHED,LIMITED
snapchat,snap_ad_2137,2025-10-12 10:00:00+00:00,180,4,0.259409,USD,RECEIVED,ACTIVE
snapchat,snap_ad_1501,2025-10-09 07:00:00+00:00,153,0,0.110885,USD,VALIDATED,ACTIVE
snapchat,snap_ad_604,2025-12-22 00:00:00+00:00,746,21,0.446159,USD,RECEIVED,PAUSED
snapchat,snap_ad_1237,2025-12-22 08:00:00+00:00,205,9,0.146807,USD,ENRICHED,ACTIVE
snapchat,snap_ad_525,2026-01-16 06:00:00+00:00,434,6,0.516022,USD,VALIDATED,ACTIVE
snapchat,snap_ad_92,2025-11-11 09:00:00+00:00,3097,110,2.798113,USD,PUBLISHED,ACTIVE
snapchat,snap_ad_1239,2025-11-29 07:00:00+00:00,98,0,0.077678,USD,VALIDATED,ACTIVE
snapchat,snap_ad_2305,2025-09-26 03:00:00+00:00,52,0,0.081951,USD,ENRICHED,PAUSED
snapchat,snap_ad_517,2025-10-09 01:00:00+00:00,119,0,0.117757,USD,RECEIVED,PAUSED
snapchat,snap_ad_2107,2025-10-05 00:00:00+00:00,357,36,0.27059,USD,PUBLISHED,ACTIVE
snapchat,snap_ad_983,2025-12-26 01:00:00+00:00,100,0,0.123973,USD,ENRICHED,ACTIVE
snapchat,snap_ad_1954,2026-01-16 13:00:00+00:00,164,0,0.071666,USD,VALIDATED,ACTIVE
snapchat,snap_ad_56,2025-11-01 05:00:00+00:00,1031,18,0.547125,USD,RECEIVED,PAUSED
snapchat,snap_ad_1659,2025-11-29 13:00:00+00:00,563,3,0.289224,USD,PUBLISHED,DRAFT
snapchat,snap_ad_1876,2026-01-12 15:00:00+00:00,506,20,0.257575,USD,VALIDATED,ACTIVE
snapchat,snap_ad_2306,2025-12-18 12:00:00+00:00,176,8,0.145491,USD,VALIDATED,ACTIVE
snapchat,snap_ad_739,2025-12-13 10:00:00+00:00,60,2,0.049251,USD,ENRICHED,DISAPPROVED
snapchat,snap_ad_753,2025-12-27 20:00:00+00:00,480,39,0.730514,USD,VALIDATED,ACTIVE
snapchat,snap_ad_1831,2025-09-24 18:00:00+00:00,214,1,0.146925,USD,PUBLISHED,DISAPPROVED
snapchat,snap_ad_1870,2026-01-06 09:00:00+00:00,84,5,0.060797,USD,PUBLISHED,DISAPPROVED
snapchat,snap_ad_1606,2025-10-18 18:00:00+00:00,76,3,0.037509,USD,VALIDATED,ACTIVE
snapchat,snap_ad_1931,2026-01-10 02:00:00+00:00,681,23,0.994339,USD,PUBLISHED,ARCHIVED
snapchat,snap_ad_2226,2025-12-13 20:00:00+00:00,618,20,0.642151,USD,PUBLISHED,ACTIVE
snapchat,snap_ad_785,2025-11-20 18:00:00+00:00,24,1,0.009181,USD,ENRICHED,ACTIVE
snapchat,snap_ad_2084,2025-09-24 17:00:00+00:00,185,6,0.06834091319552761,USD,RECEIVED,PAUSED
snapchat,snap_ad_566,2026-01-12 21:00:00+00:00,285,4,0.238941,USD,RECEIVED,DISAPPROVED
snapchat,snap_ad_2199,2025-10-27 06:00:00+00:00,116,4,0.04951,USD,PUBLISHED,ACTIVE
snapchat,snap_ad_485,2025-11-04 03:00:00+00:00,152,8,0.056939,USD,VALIDATED,ACTIVE
snapchat,snap_ad_1570,2025-10-19 17:00:00+00:00,654,3,0.897212,USD,PUBLISHED,LIMITED
snapchat,snap_ad_1945,2025-12-11 22:00:00+00:00,286,1,0.167897,USD,ENRICHED,PAUSED
snapchat,snap_ad_487,2025-11-05 14:00:00+00:00,107,2,0.129855,USD,ENRICHED,LIMITED
snapchat,snap_ad_184,2026-01-06 02:00:00+00:00,500,27,0.232642,USD,PUBLISHED,ACTIVE
snapchat,snap_ad_1948,2025-10-31 07:00:00+00:00,156,0,0.214731,USD,VALIDATED,ACTIVE
snapchat,snap_ad_1328,2025-11-05 17:00:00+00:00,22,0,0.003271,USD,VALIDATED,PAUSED
snapchat,snap_ad_1736,2025-12-20 20:00:00+00:00,203,6,0.236848,USD,VALIDATED,LIMITED
snapchat,snap_ad_2294,2025-12-29 04:00:00+00:00,337,2,0.117471,USD,ENRICHED,ACTIVE
snapchat,snap_ad_1660,2025-12-10 21:00:00+00:00,271,4,0.341491,USD,PUBLISHED,ACTIVE
snapchat,snap_ad_1747,2025-09-26 03:00:00+00:00,123,0,0.072869,USD,ENRICHED,PAUSED
snapchat,snap_ad_791,2025-12-29 16:00:00+00:00,191,2,0.132319,USD,PUBLISHED,LIMITED
snapchat,snap_ad_1825,2025-12-10 09:00:00+00:00,300,10,0.09963,USD,ENRICHED,ACTIVE
snapchat,snap_ad_1152,2025-11-07 18:00:00+00:00,334,0,0.274149,USD,RECEIVED,PAUSED
snapchat,snap_ad_96,2025-12-06 06:00:00+00:00,156,0,0.083633,USD,PUBLISHED,PAUSED
snapchat,snap_ad_678,2025-12-22 14:00:00+00:00,175,1,0.029825,USD,ENRICHED,ACTIVE
snapchat,snap_ad_1393,2026-01-01 11:00:00+00:00,477,30,0.168167,USD,PUBLISHED,ACTIVE
snapchat,snap_ad_1226,2025-11-24 20:00:00+00:00,312,0,0.480219,USD,VALIDATED,ACTIVE
snapchat,snap_ad_1718,2025-12-04 14:00:00+00:00,122,6,0.054993,USD,ENRICHED,ACTIVE
snapchat,snap_ad_257,2025-09-27 09:00:00+00:00,149,5,0.12375,USD,ENRICHED,ACTIVE
snapchat,snap_ad_1808,2026-01-03 05:00:00+00:00,736,5,0.564655,USD,RECEIVED,ACTIVE
snapchat,snap_ad_1518,2025-10-29 21:00:00+00:00,125,0,0.174977,USD,VALIDATED,ACTIVE
snapchat,snap_ad_1143,2025-10-07 05:00:00+00:00,91,6,0.172353,USD,RECEIVED,ACTIVE
snapchat,snap_ad_1353,2025-10-18 14:00:00+00:00,326,1,0.421842,USD,PUBLISHED,ACTIVE
snapchat,snap_ad_1727,2025-11-20 12:00:00+00:00,91,0,0.054609,USD,RECEIVED,ACTIVE
snapchat,snap_ad_2287,2025-12-10 15:00:00+00:00,100,1,0.069594,USD,PUBLISHED,ARCHIVED
snapchat,snap_ad_805,2025-11-23 19:00:00+00:00,36,0,0.018763,USD,RECEIVED,DISAPPROVED
snapchat,snap_ad_2016,2025-11-02 12:00:00+00:00,111,2,0.040544,USD,ENRICHED,ACTIVE
snapchat,snap_ad_2045,2025-11-06 18:00:00+00:00,344,1,0.282349,USD,PUBLISHED,ACTIVE
snapchat,snap_ad_281,2025-09-24 21:00:00+00:00,707,23,0.101573,USD,VALIDATED,ACTIVE
snapchat,snap_ad_2105,2026-01-11 17:00:00+00:00,65,5,0.027265,USD,VALIDATED,ACTIVE
snapchat,snap_ad_945,2025-11-04 02:00:00+00:00,181,8,0.04432,USD,ENRICHED,ACTIVE
snapchat,snap_ad_1076,2025-11-02 19:00:00+00:00,571,0,0.179537,USD,ENRICHED,ACTIVE
snapchat,snap_ad_1891,2026-01-03 23:00:00+00:00,68,0,0.0488,USD,RECEIVED,ACTIVE
snapchat,snap_ad_694,2025-10-15 14:00:00+00:00,64,0,0.004377,USD,ENRICHED,ACTIVE
snapchat,snap_ad_2076,2025-11-26 20:00:00+00:00,61,0,0.064709,USD,RECEIVED,ACTIVE
snapchat,snap_ad_65,2025-11-16 18:00:00+00:00,173,3,0.169317,USD,VALIDATED,PAUSED
snapchat,snap_ad_111,2025-12-06 03:00:00+00:00,209,10,0.358694,USD,RECEIVED,PAUSED
snapchat,snap_ad_1236,2025-09-26 11:00:00+00:00,167,3,0.165277,USD,VALIDATED,ACTIVE
snapchat,snap_ad_1966,2025-10-31 14:00:00+00:00,235,9,0.042012,USD,VALIDATED,PAUSED
snapchat,snap_ad_2002,2025-12-15 00:00:00+00:00,161,2,0.034666,USD,VALIDATED,ACTIVE
snapchat,snap_ad_1174,2025-12-05 01:00:00+00:00,194,2,0.117718,USD,VALIDATED,ACTIVE
snapchat,snap_ad_515,2025-11-05 17:00:00+00:00,551,2,0.396134,USD,ENRICHED,ACTIVE
snapchat,snap_ad_1269,2025-10-15 21:00:00+00:00,343,12,0.132073,USD,VALIDATED,ACTIVE
snapchat,snap_ad_1289,2026-01-11 14:00:00+00:00,62,0,0.057572,USD,RECEIVED,ACTIVE
snapchat,snap_ad_304,2025-12-16 03:00:00+00:00,477,2,0.637405,USD,VALIDATED,ACTIVE
snapchat,snap_ad_515,2025-12-14 22:00:00+00:00,88,4,0.109603,USD,RECEIVED,PAUSED
snapchat,snap_ad_1070,2025-11-21 14:00:00+00:00,186,0,0.016721,USD,VALIDATED,ACTIVE
snapchat,snap_ad_2238,2025-11-12 01:00:00+00:00,110,3,0.085748,USD,VALIDATED,ACTIVE
snapchat,snap_ad_2004,2025-12-22 21:00:00+00:00,213,0,0.263655,USD,VALIDATED,DISAPPROVED
snapchat,snap_ad_1627,2025-11-28 05:00:00+00:00,114,2,0.044028,USD,RECEIVED,ARCHIVED
snapchat,snap_ad_2362,2026-01-05 14:00:00+00:00,115,2,0.148114,USD,PUBLISHED,ACTIVE
snapchat,snap_ad_1321,2026-01-15 01:00:00+00:00,259,0,0.107222,USD,VALIDATED,ACTIVE
snapchat,snap_ad_2394,2025-09-23 17:00:00+00:00,95,2,0.036567,USD,ENRICHED,ACTIVE
snapchat,snap_ad_753,2025-12-14 23:00:00+00:00,137,7,0.15275,USD,PUBLISHED,ACTIVE
snapchat,snap_ad_411,2025-10-08 16:00:00+00:00,362,0,0.174976,USD,ENRICHED,ACTIVE
snapchat,snap_ad_1863,2025-12-07 11:00:00+00:00,160,12,0.055641,USD,RECEIVED,ACTIVE
snapchat,snap_ad_1007,2025-11-01 07:00:00+00:00,238,11,0.116508,USD,VALIDATED,DRAFT
snapchat,snap_ad_180,2026-01-05 16:00:00+00:00,94,0,0.035187,USD,VALIDATED,ACTIVE
snapchat,snap_ad_2119,2026-01-08 14:00:00+00:00,133,0,0.025617,USD,ENRICHED,ACTIVE
snapchat,snap_ad_945,2026-01-09 11:00:00+00:00,762,2,0.801939,USD,PUBLISHED,ACTIVE
snapchat,snap_ad_221,2025-10-17 13:00:00+00:00,249,0,0.132023,USD,VALIDATED,ACTIVE
snapchat,snap_ad_1576,2025-12-06 18:00:00+00:00,67,0,0.067393,USD,VALIDATED,ACTIVE
snapchat,snap_ad_2363,2025-09-26 20:00:00+00:00,102,1,0.062695,USD,VALIDATED,ACTIVE
snapchat,snap_ad_2189,2025-10-14 00:00:00+00:00,153,1,0.006157,USD,RECEIVED,DRAFT
snapchat,snap_ad_628,2025-12-01 03:00:00+00:00,92,1,0.012536,USD,RECEIVED,LIMITED
snapchat,snap_ad_869,2025-12-28 21:00:00+00:00,146,4,0.250296,USD,PUBLISHED,ACTIVE
snapchat,snap_ad_1760,2025-12-15 11:00:00+00:00,75,1,0.076848,USD,ENRICHED,ACTIVE
snapchat,snap_ad_1652,2025-10-18 17:00:00+00:00,268,5,0.132804,USD,PUBLISHED,LIMITED
snapchat,snap_ad_366,2026-01-03 09:00:00+00:00,76,0,0.01648,USD,ENRICHED,ACTIVE
snapchat,snap_ad_1146,2025-12-21 08:00:00+00:00,367,4,0.111162,USD,ENRICHED,DISAPPROVED
snapchat,snap_ad_1145,2025-12-04 08:00:00+00:00,113,0,0.011761,USD,VALIDATED,ACTIVE
snapchat,snap_ad_219,2025-12-19 23:00:00+00:00,339,266,0.140383,USD,VALIDATED,ACTIVE
snapchat,snap_ad_1161,2025-11-05 16:00:00+00:00,86,5,0.093453,USD,VALIDATED,DRAFT
snapchat,snap_ad_1828,2025-10-20 06:00:00+00:00,322,16,0.326752,USD,VALIDATED,ACTIVE
snapchat,snap_ad_1543,2025-10-15 17:00:00+00:00,129,1,0.164532,USD,PUBLISHED,DRAFT
snapchat,snap_ad_1907,2025-11-14 22:00:00+00:00,198,13,0.066572,USD,VALIDATED,ACTIVE
snapchat,snap_ad_1091,2025-11-13 09:00:00+00:00,274,0,0.573945,USD,VALIDATED,DRAFT
snapchat,snap_ad_2343,2025-12-05 08:00:00+00:00,89,0,0.039326,USD,ENRICHED,ACTIVE
snapchat,snap_ad_384,2025-11-09 17:00:00+00:00,204,8,0.058617,USD,ENRICHED,ACTIVE
snapchat,snap_ad_1326,2025-12-13 05:00:00+00:00,225,2,0.303387,USD,PUBLISHED,DRAFT
snapchat,snap_ad_766,2025-11-07 17:00:00+00:00,387,2,0.033177,USD,VALIDATED,LIMITED
snapchat,snap_ad_1386,2025-12-29 15:00:00+00:00,66,1,0.0825,USD,VALIDATED,ARCHIVED
snapchat,snap_ad_1317,2025-12-06 17:00:00+00:00,494,1,0.216184,USD,VALIDATED,ACTIVE
snapchat,snap_ad_1804,2025-11-04 14:00:00+00:00,61,1,0.032577,USD,VALIDATED,ACTIVE
snapchat,snap_ad_770,2025-12-16 06:00:00+00:00,233,0,0.04674,USD,ENRICHED,ARCHIVED
snapchat,snap_ad_2359,2026-01-01 02:00:00+00:00,191,0,0.382352,USD,ENRICHED,ACTIVE
snapchat,snap_ad_1079,2025-12-25 11:00:00+00:00,69,0,0.009553,USD,VALIDATED,ACTIVE
snapchat,snap_ad_2048,2025-11-19 20:00:00+00:00,133,1,0.089234,USD,ENRICHED,ACTIVE
snapchat,snap_ad_1695,2026-01-11 21:00:00+00:00,498,18,0.292451,USD,VALIDATED,DISAPPROVED
snapchat,snap_ad_2179,2025-11-18 15:00:00+00:00,312,11,0.353249,USD,VALIDATED,LIMITED
snapchat,snap_ad_2332,2025-11-19 16:00:00+00:00,181,2,0.119176,USD,ENRICHED,ACTIVE
snapchat,snap_ad_1444,2025-12-27 21:00:00+00:00,97,0,0.0576,USD,PUBLISHED,ACTIVE
snapchat,snap_ad_275,2025-11-14 11:00:00+00:00,140,0,0.097391,USD,VALIDATED,ACTIVE
snapchat,snap_ad_1870,2025-09-29 14:00:00+00:00,136,4,0.04227,USD,VALIDATED,ACTIVE
snapchat,snap_ad_585,2025-09-27 23:00:00+00:00,168,0,0.102101,USD,VALIDATED,PAUSED
snapchat,snap_ad_1656,2025-12-10 23:00:00+00:00,198,16,0.032701,USD,VALIDATED,ACTIVE
snapchat,snap_ad_87,2026-01-14 21:00:00+00:00,172,1,0.049494,USD,ENRICHED,ACTIVE
snapchat,snap_ad_809,2025-10-01 22:00:00+00:00,71,0,0.11397454499505452,USD,PUBLISHED,ACTIVE
snapchat,snap_ad_407,2025-10-08 22:00:00+00:00,392,18,0.141169,USD,ENRICHED,ACTIVE
snapchat,snap_ad_1878,2025-11-26 18:00:00+00:00,62,0,0.068901,USD,ENRICHED,ACTIVE
snapchat,snap_ad_1109,2025-09-29 02:00:00+00:00,78,2,0.183185,USD,ENRICHED,DRAFT
snapchat,snap_ad_1554,2025-12-09 13:00:00+00:00,828,2,0.365454,USD,PUBLISHED,ACTIVE
snapchat,snap_ad_1625,2025-10-08 14:00:00+00:00,102,1,0.067097,USD,VALIDATED,ACTIVE
snapchat,snap_ad_1829,2025-10-24 03:00:00+00:00,174,9,0.181857,USD,ENRICHED,ACTIVE
snapchat,snap_ad_53,2025-11-12 07:00:00+00:00,112,0,0.053576,USD,VALIDATED,ACTIVE
snapchat,snap_ad_548,2025-10-10 20:00:00+00:00,134,3,0.074396,USD,VALIDATED,ACTIVE
snapchat,snap_ad_860,2025-10-21 12:00:00+00:00,231,4,0.028408,USD,VALIDATED,ACTIVE
snapchat,snap_ad_1896,2026-01-03 02:00:00+00:00,123,0,0.160812,USD,VALIDATED,DISAPPROVED
snapchat,snap_ad_960,2025-11-03 13:00:00+00:00,79,1,0.022356,USD,ENRICHED,PAUSED
snapchat,snap_ad_1715,2025-10-20 13:00:00+00:00,40,0,0.004376,USD,VALIDATED,PAUSED
snapchat,snap_ad_1582,2025-11-27 05:00:00+00:00,138,3,0.148265,USD,RECEIVED,LIMITED
snapchat,snap_ad_342,2025-11-10 12:00:00+00:00,159,1,0.104814,USD,ENRICHED,ACTIVE
snapchat,snap_ad_2232,2025-09-23 23:00:00+00:00,126,2,0.129108,USD,ENRICHED,ARCHIVED
snapchat,snap_ad_1453,2025-11-08 22:00:00+00:00,417,1,0.618284,USD,VALIDATED,ACTIVE
snapchat,snap_ad_1190,2025-10-05 19:00:00+00:00,201,5,0.066392,USD,RECEIVED,ACTIVE
snapchat,snap_ad_1925,2025-11-05 23:00:00+00:00,122,5,0.057475,USD,PUBLISHED,ACTIVE
snapchat,snap_ad_1024,2026-01-01 15:00:00+00:00,87,4,0.466245,USD,VALIDATED,ACTIVE
snapchat,snap_ad_1107,2025-09-30 12:00:00+00:00,445,6,0.184984,USD,VALIDATED,ACTIVE
snapchat,snap_ad_1565,2025-11-16 02:00:00+00:00,528,9,0.184267,USD,VALIDATED,ACTIVE
snapchat,snap_ad_1550,2025-11-02 02:00:00+00:00,235,4,0.136691,USD,VALIDATED,PAUSED
snapchat,snap_ad_544,2025-12-21 22:00:00+00:00,90,3,0.115415,USD,VALIDATED,ACTIVE
snapchat,snap_ad_2320,2025-10-21 16:00:00+00:00,147,2,0.142768,USD,ENRICHED,ACTIVE
snapchat,snap_ad_1586,2025-12-19 09:00:00+00:00,233,4,0.116395,USD,ENRICHED,ACTIVE
snapchat,snap_ad_2211,2025-10-31 02:00:00+00:00,61,0,0.0789,USD,RECEIVED,ACTIVE
snapchat,snap_ad_1625,2025-09-24 11:00:00+00:00,212,2,0.185492,USD,VALIDATED,ACTIVE
snapchat,snap_ad_1887,2025-11-11 10:00:00+00:00,16,0,0.010334,USD,VALIDATED,ACTIVE
snapchat,snap_ad_624,2026-01-11 14:00:00+00:00,345,9,0.151868,USD,PUBLISHED,ACTIVE
snapchat,snap_ad_1869,2025-11-24 01:00:00+00:00,63,3,0.025374,USD,ENRICHED,ACTIVE
snapchat,snap_ad_130,2025-10-09 13:00:00+00:00,229,2,0.089911,USD,ENRICHED,ACTIVE
snapchat,snap_ad_2073,2025-12-21 11:00:00+00:00,140,1,0.055394,USD,VALIDATED,ARCHIVED
snapchat,snap_ad_451,2025-12-23 13:00:00+00:00,25,0,0.002884,USD,PUBLISHED,DRAFT
snapchat,snap_ad_1028,2025-11-12 23:00:00+00:00,200,2,0.07298,USD,VALIDATED,ACTIVE
snapchat,snap_ad_834,2025-09-21 03:00:00+00:00,112,0,0.077531,USD,ENRICHED,ACTIVE
snapchat,snap_ad_715,2025-12-05 13:00:00+00:00,101,0,0.069533,USD,RECEIVED,ACTIVE
snapchat,snap_ad_1390,2025-11-30 02:00:00+00:00,204,0,0.300826,USD,VALIDATED,DRAFT
snapchat,snap_ad_1935,2025-11-20 10:00:00+00:00,137,5,0.027934,USD,VALIDATED,ACTIVE
snapchat,snap_ad_1186,2025-10-08 03:00:00+00:00,88,0,0.024398,USD,PUBLISHED,ACTIVE
snapchat,snap_ad_2068,2025-10-02 17:00:00+00:00,150,8,0.01853,USD,PUBLISHED,ARCHIVED
snapchat,snap_ad_290,2025-11-24 01:00:00+00:00,676,10,0.072437,USD,ENRICHED,ACTIVE
snapchat,snap_ad_1300,2025-09-22 22:00:00+00:00,373,32,0.104566,USD,VALIDATED,ACTIVE
snapchat,snap_ad_1400,2025-11-18 04:00:00+00:00,188,0,0.203251,USD,VALIDATED,ARCHIVED
snapchat,snap_ad_2019,2025-10-28 02:00:00+00:00,193,6,0.013063,USD,PUBLISHED,ARCHIVED
snapchat,snap_ad_701,2026-01-14 19:00:00+00:00,304,1,0.36731,USD,VALIDATED,LIMITED
snapchat,snap_ad_964,2026-01-13 12:00:00+00:00,742,4,0.787238,USD,RECEIVED,ARCHIVED
snapchat,snap_ad_1058,2025-12-08 22:00:00+00:00,370,13,0.083738,USD,VALIDATED,ACTIVE
snapchat,snap_ad_1365,2025-11-02 14:00:00+00:00,369,15,0.174951,USD,PUBLISHED,DRAFT
snapchat,snap_ad_1653,2026-01-01 02:00:00+00:00,186,1,0.030788,USD,ENRICHED,ACTIVE
snapchat,snap_ad_1324,2025-10-26 13:00:00+00:00,420,5,0.10194,USD,PUBLISHED,ACTIVE
snapchat,snap_ad_2356,2025-09-30 08:00:00+00:00,101,1,0.039307,USD,ENRICHED,ACTIVE
snapchat,snap_ad_2142,2025-12-11 16:00:00+00:00,54,0,0.012349,USD,ENRICHED,PAUSED
snapchat,snap_ad_129,2025-10-14 03:00:00+00:00,163,0,0.032554,USD,PUBLISHED,ACTIVE
snapchat,snap_ad_126,2025-10-19 04:00:00+00:00,84,5,0.113132,USD,VALIDATED,ACTIVE
snapchat,snap_ad_142,2025-10-18 21:00:00+00:00,292,2,0.152161,USD,VALIDATED,ACTIVE
snapchat,snap_ad_976,2025-10-12 07:00:00+00:00,116,1,0.049495,USD,ENRICHED,ACTIVE
snapchat,snap_ad_1472,2025-10-07 03:00:00+00:00,472,9,1.263107,USD,VALIDATED,ACTIVE
snapchat,snap_ad_567,2025-10-23 17:00:00+00:00,175,4,0.088195,USD,PUBLISHED,ACTIVE
snapchat,snap_ad_1151,2025-10-09 05:00:00+00:00,165,2,0.066527,USD,VALIDATED,ACTIVE
snapchat,snap_ad_2018,2025-10-17 07:00:00+00:00,134,4,0.034803,USD,RECEIVED,LIMITED
snapchat,snap_ad_406,2025-11-05 09:00:00+00:00,207,0,0.34614,USD,RECEIVED,ACTIVE
snapchat,snap_ad_2009,2025-10-17 21:00:00+00:00,83,2,0.005258,USD,PUBLISHED,PAUSED
snapchat,snap_ad_1115,2026-01-11 16:00:00+00:00,116,0,0.05451,USD,VALIDATED,ACTIVE
snapchat,snap_ad_329,2026-01-04 14:00:00+00:00,222,7,0.08012,USD,VALIDATED,ACTIVE
snapchat,snap_ad_1795,2025-10-02 11:00:00+00:00,146,1,0.003162658293125512,USD,ENRICHED,ACTIVE
snapchat,snap_ad_886,2026-01-03 23:00:00+00:00,470,13,0.233456,USD,RECEIVED,PAUSED
snapchat,snap_ad_829,2025-12-12 07:00:00+00:00,78,3,0.038301,USD,VALIDATED,ACTIVE
snapchat,snap_ad_1529,2026-01-09 10:00:00+00:00,83,0,0.038755,USD,RECEIVED,ACTIVE
snapchat,snap_ad_2102,2025-11-23 14:00:00+00:00,101,1,0.136606,USD,ENRICHED,ACTIVE
snapchat,snap_ad_824,2025-10-16 07:00:00+00:00,506,5,0.452983,USD,RECEIVED,ACTIVE
snapchat,snap_ad_1523,2025-12-24 05:00:00+00:00,52,0,0.010418,USD,ENRICHED,ACTIVE
snapchat,snap_ad_193,2025-10-17 19:00:00+00:00,90,4,0.030953,USD,PUBLISHED,LIMITED
snapchat,snap_ad_1997,2025-09-29 12:00:00+00:00,287,10,0.1469474068552129,USD,VALIDATED,ACTIVE
snapchat,snap_ad_1546,2026-01-16 00:00:00+00:00,187,1,0.047675,USD,VALIDATED,ACTIVE
snapchat,snap_ad_696,2025-12-02 17:00:00+00:00,194,14,0.183808,USD,PUBLISHED,ACTIVE
snapchat,snap_ad_1413,2025-10-05 09:00:00+00:00,72,0,0.118355,USD,VALIDATED,PAUSED
snapchat,snap_ad_823,2025-12-07 02:00:00+00:00,507,22,0.293987,USD,PUBLISHED,ACTIVE
snapchat,snap_ad_71,2025-12-07 05:00:00+00:00,619,16,0.342062,USD,VALIDATED,ACTIVE
snapchat,snap_ad_1175,2025-11-15 04:00:00+00:00,75,0,0.06029,USD,VALIDATED,ACTIVE
snapchat,snap_ad_1947,2025-10-26 05:00:00+00:00,328,2,0.368029,USD,PUBLISHED,DRAFT
snapchat,snap_ad_103,2025-10-11 18:00:00+00:00,173,0,0.054059,USD,ENRICHED,PAUSED
snapchat,snap_ad_1367,2025-10-26 14:00:00+00:00,150,0,0.078221,USD,ENRICHED,ACTIVE
snapchat,snap_ad_987,2025-11-03 05:00:00+00:00,139,1,0.12322,USD,VALIDATED,ACTIVE
snapchat,snap_ad_525,2025-11-13 08:00:00+00:00,136,1,0.108513,USD,ENRICHED,ACTIVE
snapchat,snap_ad_469,2025-12-11 12:00:00+00:00,210,119,0.110826,USD,VALIDATED,DISAPPROVED
snapchat,snap_ad_832,2025-10-29 17:00:00+00:00,177,5,0.117308,USD,PUBLISHED,DISAPPROVED
snapchat,snap_ad_1098,2025-09-21 07:00:00+00:00,217,1,0.055385,USD,ENRICHED,ACTIVE
snapchat,snap_ad_198,2025-11-29 23:00:00+00:00,200,8,0.312716,USD,VALIDATED,PAUSED
snapchat,snap_ad_1487,2025-11-15 16:00:00+00:00,301,4,0.311134,USD,RECEIVED,ACTIVE
snapchat,snap_ad_569,2025-12-16 16:00:00+00:00,532,459,0.209589,USD,PUBLISHED,PAUSED
snapchat,snap_ad_397,2025-12-10 18:00:00+00:00,71,4,0.039075,USD,ENRICHED,ACTIVE
snapchat,snap_ad_26,2025-11-26 09:00:00+00:00,242,5,0.251684,USD,PUBLISHED,PAUSED
snapchat,snap_ad_2143,2025-12-25 21:00:00+00:00,197,10,0.077361,USD,PUBLISHED,ACTIVE
snapchat,snap_ad_1661,2025-12-19 01:00:00+00:00,32,5,0.009588,USD,VALIDATED,ARCHIVED
snapchat,snap_ad_2361,2025-12-07 12:00:00+00:00,210,12,0.200389,USD,VALIDATED,ACTIVE
snapchat,snap_ad_857,2025-11-14 05:00:00+00:00,160,2,0.038578,USD,VALIDATED,ACTIVE
snapchat,snap_ad_65,2025-12-02 19:00:00+00:00,188,1,0.043241,USD,ENRICHED,PAUSED
snapchat,snap_ad_1284,2025-10-31 21:00:00+00:00,1270,22,0.362941,USD,ENRICHED,DISAPPROVED
snapchat,snap_ad_1041,2026-01-16 12:00:00+00:00,419,6,0.210676,USD,VALIDATED,ACTIVE
snapchat,snap_ad_171,2025-11-19 06:00:00+00:00,1001,9,0.951358,USD,VALIDATED,ACTIVE
snapchat,snap_ad_647,2025-11-01 03:00:00+00:00,282,9,0.348481,USD,ENRICHED,ACTIVE
snapchat,snap_ad_1196,2025-11-09 15:00:00+00:00,136,0,0.114564,USD,PUBLISHED,ACTIVE
snapchat,snap_ad_1873,2026-01-11 13:00:00+00:00,453,12,-0.228031,USD,VALIDATED,DISAPPROVED
snapchat,snap_ad_1745,2025-11-27 15:00:00+00:00,178,3,0.14301,USD,ENRICHED,ACTIVE
snapchat,snap_ad_120,2025-10-23 20:00:00+00:00,185,1,0.019363,USD,ENRICHED,ACTIVE
snapchat,snap_ad_2335,2025-10-23 23:00:00+00:00,609,37,0.552792,USD,VALIDATED,ACTIVE
snapchat,snap_ad_374,2025-09-28 09:00:00+00:00,312,7,0.057256,USD,PUBLISHED,ACTIVE
snapchat,snap_ad_1904,2025-12-10 04:00:00+00:00,132,0,0.033965,USD,VALIDATED,ACTIVE
snapchat,snap_ad_1191,2025-12-18 09:00:00+00:00,223,1,0.408543,USD,PUBLISHED,DISAPPROVED
snapchat,snap_ad_2366,2025-12-21 18:00:00+00:00,138,1,0.069062,USD,VALIDATED,ACTIVE
snapchat,snap_ad_2019,2025-10-10 14:00:00+00:00,187,1,0.04815,USD,VALIDATED,ACTIVE
snapchat,snap_ad_1322,2025-11-02 17:00:00+00:00,130,0,-0.082197,USD,PUBLISHED,ACTIVE
snapchat,snap_ad_793,2025-11-20 15:00:00+00:00,530,19,0.13053796199791548,USD,VALIDATED,ACTIVE
snapchat,snap_ad_2331,2025-11-09 14:00:00+00:00,305,11,0.328234,USD,ENRICHED,ACTIVE
snapchat,snap_ad_266,2025-12-03 01:00:00+00:00,298,1,0.068964,USD,ENRICHED,ACTIVE
snapchat,snap_ad_1034,2025-12-22 02:00:00+00:00,207,2,0.141556,USD,VALIDATED,ACTIVE
snapchat,snap_ad_1808,2025-11-22 00:00:00+00:00,172,8,0.191325,USD,RECEIVED,LIMITED
snapchat,snap_ad_1232,2026-01-09 00:00:00+00:00,321,2,0.100281,USD,VALIDATED,LIMITED
snapchat,snap_ad_2071,2026-01-14 17:00:00+00:00,70,0,0.034433,USD,VALIDATED,ACTIVE
snapchat,snap_ad_1838,2025-11-25 00:00:00+00:00,187,4,-0.048646,USD,VALIDATED,ACTIVE
snapchat,snap_ad_1995,2025-12-08 22:00:00+00:00,283,12,0.179778,USD,ENRICHED,ACTIVE
snapchat,snap_ad_1836,2025-11-19 01:00:00+00:00,83,0,0.021259,USD,ENRICHED,ACTIVE
snapchat,snap_ad_821,2025-11-01 01:00:00+00:00,215,0,0.025166,USD,RECEIVED,DRAFT
snapchat,snap_ad_2013,2025-10-08 20:00:00+00:00,204,161,0.187344,USD,VALIDATED,ARCHIVED
snapchat,snap_ad_2305,2025-12-29 15:00:00+00:00,142,9,0.127689,USD,VALIDATED,ACTIVE
snapchat,snap_ad_496,2025-11-10 13:00:00+00:00,90,4,0.018619,USD,VALIDATED,ACTIVE
snapchat,snap_ad_1395,2025-11-08 16:00:00+00:00,239,2,0.157701,USD,PUBLISHED,ACTIVE
snapchat,snap_ad_1973,2025-11-15 19:00:00+00:00,73,2,0.086382,USD,ENRICHED,ARCHIVED
snapchat,snap_ad_1801,2025-10-06 18:00:00+00:00,234,10,0.156597,USD,VALIDATED,DRAFT
snapchat,snap_ad_708,2025-11-13 17:00:00+00:00,127,0,0.058476,USD,RECEIVED,ACTIVE
snapchat,snap_ad_314,2025-12-01 22:00:00+00:00,167,3,0.282028,USD,VALIDATED,DISAPPROVED
snapchat,snap_ad_2185,2026-01-04 17:00:00+00:00,159,1,0.107249,USD,ENRICHED,ACTIVE
snapchat,snap_ad_2284,2025-09-20 13:00:00+00:00,108,4,0.125018,USD,PUBLISHED,ACTIVE
snapchat,snap_ad_573,2026-01-13 01:00:00+00:00,130,8,0.202782,USD,VALIDATED,ACTIVE
snapchat,snap_ad_1519,2025-10-19 14:00:00+00:00,91,1,0.111397,USD,ENRICHED,ACTIVE
snapchat,snap_ad_2047,2025-10-30 07:00:00+00:00,242,1,0.28247373087385425,USD,VALIDATED,ARCHIVED
snapchat,snap_ad_2259,2025-12-13 04:00:00+00:00,243,2,0.46773,USD,VALIDATED,ACTIVE
snapchat,snap_ad_2364,2025-12-26 01:00:00+00:00,846,6,0.33137,USD,ENRICHED,ACTIVE
snapchat,snap_ad_2306,2025-12-28 06:00:00+00:00,198,3,0.197442,USD,PUBLISHED,ACTIVE
snapchat,snap_ad_89,2025-10-26 09:00:00+00:00,86,1,0.035795,USD,ENRICHED,ACTIVE
snapchat,snap_ad_68,2025-11-21 04:00:00+00:00,134,4,0.058482,USD,PUBLISHED,LIMITED
snapchat,snap_ad_1278,2025-12-12 09:00:00+00:00,25,0,0.009219,USD,VALIDATED,ACTIVE
snapchat,snap_ad_458,2025-11-21 10:00:00+00:00,125,0,0.035951,USD,PUBLISHED,ACTIVE
snapchat,snap_ad_989,2025-10-18 09:00:00+00:00,210,58,0.234974,USD,PUBLISHED,ACTIVE
snapchat,snap_ad_1028,2025-12-21 19:00:00+00:00,82,1,0.047511,USD,PUBLISHED,ACTIVE
snapchat,snap_ad_1721,2025-09-23 10:00:00+00:00,123,0,0.086681,USD,RECEIVED,ACTIVE
snapchat,snap_ad_571,2025-09-20 15:00:00+00:00,521,5,0.191625,USD,VALIDATED,ACTIVE
snapchat,snap_ad_1158,2026-01-08 23:00:00+00:00,186,6,0.02146,USD,ENRICHED,PAUSED
snapchat,snap_ad_78,2025-11-23 15:00:00+00:00,284,2,0.358023,USD,VALIDATED,PAUSED
snapchat,snap_ad_18,2025-11-21 22:00:00+00:00,342,0,0.105518,USD,ENRICHED,ACTIVE
snapchat,snap_ad_1966,2025-10-22 22:00:00+00:00,511,26,0.25777512484363035,USD,PUBLISHED,ACTIVE
snapchat,snap_ad_485,2025-10-07 17:00:00+00:00,68,0,0.032232,USD,VALIDATED,PAUSED
snapchat,snap_ad_12,2025-12-14 16:00:00+00:00,154,0,0.014234,USD,ENRICHED,ACTIVE
snapchat,snap_ad_319,2025-10-06 23:00:00+00:00,124,2,0.058836,USD,VALIDATED,DISAPPROVED
snapchat,snap_ad_1158,2026-01-14 12:00:00+00:00,220,2,0.170979,USD,VALIDATED,ACTIVE
snapchat,snap_ad_683,2025-12-09 08:00:00+00:00,158,1,0.07299,USD,VALIDATED,ACTIVE
snapchat,snap_ad_404,2025-10-02 21:00:00+00:00,513,7,0.131433,USD,RECEIVED,ACTIVE
snapchat,snap_ad_395,2025-12-25 10:00:00+00:00,466,3,0.190832,USD,ENRICHED,ACTIVE
snapchat,snap_ad_169,2026-01-08 19:00:00+00:00,349,5,-0.031935,USD,ENRICHED,PAUSED
snapchat,snap_ad_1315,2025-10-19 01:00:00+00:00,128,3,0.021639,USD,ENRICHED,ACTIVE
snapchat,snap_ad_441,2025-11-29 03:00:00+00:00,48,0,0.026664,USD,PUBLISHED,LIMITED
snapchat,snap_ad_1949,2026-01-01 16:00:00+00:00,163,16,0.177824,USD,ENRICHED,ACTIVE
snapchat,snap_ad_2194,2025-12-12 15:00:00+00:00,158,14,0.152943,USD,VALIDATED,DRAFT
snapchat,snap_ad_421,2026-01-09 05:00:00+00:00,136,3,0.028898,USD,VALIDATED,LIMITED
snapchat,snap_ad_1787,2025-11-21 13:00:00+00:00,68,1,0.072958,USD,PUBLISHED,ACTIVE
snapchat,snap_ad_2276,2025-11-18 17:00:00+00:00,74,2,0.050123,USD,ENRICHED,ACTIVE
snapchat,snap_ad_578,2025-10-02 23:00:00+00:00,78,0,0.038072,USD,PUBLISHED,ACTIVE
snapchat,snap_ad_2136,2025-10-22 05:00:00+00:00,222,10,0.116966,USD,RECEIVED,PAUSED
snapchat,snap_ad_294,2025-09-29 01:00:00+00:00,118,6,0.042487,USD,ENRICHED,ACTIVE
snapchat,snap_ad_514,2025-11-08 04:00:00+00:00,115,4,0.115923,USD,PUBLISHED,ACTIVE
snapchat,snap_ad_1987,2025-10-09 11:00:00+00:00,136,8,0.029569,USD,PUBLISHED,DISAPPROVED
snapchat,snap_ad_1656,2025-11-27 14:00:00+00:00,404,3,0.168677,USD,VALIDATED,ACTIVE
snapchat,snap_ad_1996,2025-12-30 16:00:00+00:00,183,13,0.245736,USD,ENRICHED,ACTIVE
snapchat,snap_ad_1170,2025-10-08 19:00:00+00:00,422,15,0.453597,USD,VALIDATED,LIMITED
snapchat,snap_ad_1899,2025-10-20 10:00:00+00:00,32,0,0.027237,USD,ENRICHED,ACTIVE
snapchat,snap_ad_2172,2026-01-03 14:00:00+00:00,114,2,0.129216,USD,VALIDATED,ACTIVE
snapchat,snap_ad_1268,2025-12-27 05:00:00+00:00,127,5,0.084922,USD,ENRICHED,ACTIVE
snapchat,snap_ad_738,2025-10-17 21:00:00+00:00,83,3,0.021127,USD,PUBLISHED,ACTIVE
snapchat,snap_ad_545,2025-12-22 22:00:00+00:00,414,2,0.027573,USD,RECEIVED,ARCHIVED
snapchat,snap_ad_2012,2025-12-01 09:00:00+00:00,199,7,0.047413,USD,ENRICHED,ACTIVE
snapchat,snap_ad_1994,2025-11-30 08:00:00+00:00,280,3,0.259186,USD,RECEIVED,ACTIVE
snapchat,snap_ad_1185,2025-10-18 19:00:00+00:00,145,1,0.178804,USD,ENRICHED,ACTIVE
snapchat,snap_ad_157,2025-11-27 13:00:00+00:00,277,24,0.233445,USD,PUBLISHED,ACTIVE
snapchat,snap_ad_1431,2025-12-06 04:00:00+00:00,296,0,0.1266,USD,PUBLISHED,ARCHIVED
snapchat,snap_ad_859,2025-12-26 06:00:00+00:00,227,6,0.00907555402025327,USD,ENRICHED,ACTIVE
snapchat,snap_ad_1834,2025-09-22 16:00:00+00:00,69,0,0.07927,USD,VALIDATED,ACTIVE
snapchat,snap_ad_156,2026-01-16 04:00:00+00:00,56,0,0.053132,USD,PUBLISHED,ACTIVE
snapchat,snap_ad_1137,2025-09-23 01:00:00+00:00,242,2,0.208128,USD,ENRICHED,ACTIVE
snapchat,snap_ad_1466,2025-10-16 18:00:00+00:00,172,0,0.247542,USD,PUBLISHED,PAUSED
snapchat,snap_ad_215,2025-12-20 19:00:00+00:00,86,0,0.052641,USD,VALIDATED,PAUSED
snapchat,snap_ad_1973,2025-11-28 04:00:00+00:00,451,28,0.325749,USD,VALIDATED,ACTIVE
snapchat,snap_ad_1744,2025-09-28 12:00:00+00:00,98,1,0.043703,USD,VALIDATED,ACTIVE
snapchat,snap_ad_1985,2025-12-03 01:00:00+00:00,90,0,0.084269,USD,PUBLISHED,ACTIVE
snapchat,snap_ad_1598,2025-12-29 08:00:00+00:00,58,0,0.031882,USD,RECEIVED,ACTIVE
snapchat,snap_ad_818,2025-10-14 09:00:00+00:00,129,0,-0.035697,USD,ENRICHED,ACTIVE
snapchat,snap_ad_207,2025-11-01 02:00:00+00:00,158,1,0.024745,USD,RECEIVED,PAUSED
snapchat,snap_ad_1643,2025-11-04 05:00:00+00:00,173,8,0.135428,USD,ENRICHED,ACTIVE
snapchat,snap_ad_805,2025-12-13 15:00:00+00:00,200,1,0.04451,USD,VALIDATED,ACTIVE
snapchat,snap_ad_1797,2025-11-05 11:00:00+00:00,139,2,0.237659,USD,VALIDATED,ACTIVE
snapchat,snap_ad_521,2025-10-04 02:00:00+00:00,57,0,0.024282,USD,PUBLISHED,ACTIVE
snapchat,snap_ad_592,2026-01-13 13:00:00+00:00,727,15,0.867328,USD,VALIDATED,LIMITED
snapchat,snap_ad_2058,2025-10-31 07:00:00+00:00,361,3,0.423036,USD,ENRICHED,ARCHIVED
snapchat,snap_ad_2077,2025-11-11 12:00:00+00:00,162,1,0.12676,USD,RECEIVED,ACTIVE
snapchat,snap_ad_1730,2025-09-24 15:00:00+00:00,91,0,0.067609,USD,PUBLISHED,LIMITED
snapchat,snap_ad_1004,2025-12-28 11:00:00+00:00,179,1,0.034151,USD,ENRICHED,ACTIVE
snapchat,snap_ad_1426,2025-11-21 12:00:00+00:00,148,2,0.003344,USD,PUBLISHED,ACTIVE
snapchat,snap_ad_474,2025-10-29 02:00:00+00:00,208,2,0.118217,USD,VALIDATED,ACTIVE
snapchat,snap_ad_876,2025-12-12 03:00:00+00:00,69,0,0.02712,USD,VALIDATED,ACTIVE
snapchat,snap_ad_1345,2025-10-13 07:00:00+00:00,111,2,0.09748,USD,ENRICHED,LIMITED
snapchat,snap_ad_1467,2025-10-22 03:00:00+00:00,437,7,0.411704,USD,ENRICHED,ACTIVE
snapchat,snap_ad_1742,2025-10-18 10:00:00+00:00,34,0,0.04219,USD,RECEIVED,ACTIVE
snapchat,snap_ad_1816,2025-11-06 11:00:00+00:00,273,7,0.297619,USD,RECEIVED,ACTIVE
snapchat,snap_ad_1897,2025-10-21 09:00:00+00:00,42,0,0.043155,USD,ENRICHED,ACTIVE
snapchat,snap_ad_2328,2025-12-17 06:00:00+00:00,142,0,0.158233,USD,VALIDATED,ACTIVE
snapchat,snap_ad_1896,2025-11-01 05:00:00+00:00,147,1,0.180321,USD,PUBLISHED,ACTIVE
snapchat,snap_ad_13,2025-10-15 22:00:00+00:00,25,0,0.012771,USD,PUBLISHED,ACTIVE
snapchat,snap_ad_1038,2026-01-13 01:00:00+00:00,156,0,0.203657,USD,ENRICHED,ACTIVE
snapchat,snap_ad_392,2025-12-09 00:00:00+00:00,354,8,0.457702,USD,ENRICHED,PAUSED
snapchat,snap_ad_1507,2025-11-11 18:00:00+00:00,94,2,0.067046,USD,PUBLISHED,ACTIVE
snapchat,snap_ad_764,2025-09-30 07:00:00+00:00,353,16,0.285135,USD,PUBLISHED,ACTIVE
snapchat,snap_ad_1231,2025-12-01 13:00:00+00:00,269,4,0.229433,USD,RECEIVED,DRAFT
snapchat,snap_ad_277,2025-11-25 23:00:00+00:00,481,1,0.797312,USD,PUBLISHED,LIMITED
snapchat,snap_ad_1932,2025-12-23 18:00:00+00:00,117,0,-0.037148,USD,VALIDATED,ACTIVE
snapchat,snap_ad_2198,2025-11-14 09:00:00+00:00,155,8,0.121326,USD,PUBLISHED,ACTIVE
snapchat,snap_ad_1909,2025-11-11 12:00:00+00:00,340,4,0.261804,USD,ENRICHED,DRAFT
snapchat,snap_ad_380,2025-10-26 19:00:00+00:00,121,1,0.052211,USD,PUBLISHED,PAUSED
snapchat,snap_ad_2243,2025-12-22 03:00:00+00:00,50,1,0.016355,USD,VALIDATED,PAUSED
snapchat,snap_ad_2237,2025-11-02 00:00:00+00:00,145,2,0.05831,USD,VALIDATED,ACTIVE
snapchat,snap_ad_566,2025-12-18 22:00:00+00:00,37,1,0.014309,USD,PUBLISHED,ACTIVE
snapchat,snap_ad_2257,2025-10-03 16:00:00+00:00,245,3,0.068792,USD,VALIDATED,ACTIVE
snapchat,snap_ad_2215,2025-10-23 15:00:00+00:00,94,2,0.00026296265388958977,USD,VALIDATED,ACTIVE
snapchat,snap_ad_756,2025-12-08 22:00:00+00:00,117,1,0.116376,USD,ENRICHED,PAUSED
snapchat,snap_ad_1051,2025-11-11 13:00:00+00:00,201,1,0.115189,USD,PUBLISHED,ACTIVE
snapchat,snap_ad_1292,2025-12-10 16:00:00+00:00,123,0,0.03119,USD,VALIDATED,PAUSED
snapchat,snap_ad_709,2025-11-25 18:00:00+00:00,92,0,0.09075,USD,VALIDATED,ACTIVE
snapchat,snap_ad_1555,2025-12-21 13:00:00+00:00,94,1,0.044384,USD,ENRICHED,DRAFT
snapchat,snap_ad_321,2026-01-09 11:00:00+00:00,293,7,0.025947,USD,VALIDATED,ACTIVE
snapchat,snap_ad_1165,2025-12-19 06:00:00+00:00,71,0,0.038702,USD,VALIDATED,ACTIVE
snapchat,snap_ad_1895,2025-12-11 23:00:00+00:00,111,1,0.005584,USD,VALIDATED,ACTIVE
snapchat,snap_ad_1736,2025-12-25 19:00:00+00:00,126,1,0.116338,USD,VALIDATED,ACTIVE
snapchat,snap_ad_1267,2025-10-15 05:00:00+00:00,145,9,0.043919,USD,ENRICHED,ACTIVE
snapchat,snap_ad_150,2025-09-20 17:00:00+00:00,502,1,0.09696,USD,VALIDATED,ACTIVE
snapchat,snap_ad_335,2025-11-29 03:00:00+00:00,57,0,0.053201,USD,VALIDATED,ACTIVE
snapchat,snap_ad_1419,2025-12-30 09:00:00+00:00,948,24,0.584421,USD,ENRICHED,ACTIVE
snapchat,snap_ad_1791,2025-11-24 22:00:00+00:00,215,13,0.256805,USD,PUBLISHED,LIMITED
snapchat,snap_ad_2289,2025-11-18 07:00:00+00:00,97,0,0.024859,USD,ENRICHED,PAUSED
snapchat,snap_ad_2356,2025-11-01 19:00:00+00:00,261,3,0.033789,USD,VALIDATED,ACTIVE
snapchat,snap_ad_1825,2025-09-28 08:00:00+00:00,111,0,0.04666,USD,PUBLISHED,PAUSED
snapchat,snap_ad_1751,2025-10-03 19:00:00+00:00,403,5,0.14523,USD,PUBLISHED,PAUSED
snapchat,snap_ad_545,2025-09-19 19:00:00+00:00,167,2,0.079466,USD,PUBLISHED,ACTIVE
snapchat,snap_ad_1124,2025-09-20 01:00:00+00:00,141,2,0.139221,USD,RECEIVED,PAUSED
snapchat,snap_ad_762,2025-11-20 06:00:00+00:00,71,0,0.021331,USD,PUBLISHED,PAUSED
snapchat,snap_ad_631,2025-10-01 10:00:00+00:00,194,7,0.072716,USD,VALIDATED,ARCHIVED
snapchat,snap_ad_653,2026-01-03 13:00:00+00:00,144,1,0.028157,USD,ENRICHED,ACTIVE
snapchat,snap_ad_1161,2026-01-07 06:00:00+00:00,94,1,0.230198,USD,VALIDATED,ACTIVE
snapchat,snap_ad_1805,2026-01-13 23:00:00+00:00,273,14,0.097121,USD,VALIDATED,PAUSED
snapchat,snap_ad_1639,2025-11-24 00:00:00+00:00,168,1,0.165656,USD,VALIDATED,PAUSED
snapchat,snap_ad_528,2025-10-05 15:00:00+00:00,295,12,0.111382,USD,ENRICHED,PAUSED
snapchat,snap_ad_50,2025-09-28 17:00:00+00:00,399,3,0.132844,USD,ENRICHED,LIMITED
snapchat,snap_ad_445,2025-10-22 12:00:00+00:00,210,3,0.004491,USD,VALIDATED,ACTIVE
snapchat,snap_ad_937,2025-10-20 16:00:00+00:00,146,5,0.0008072457421853021,USD,VALIDATED,ACTIVE
snapchat,snap_ad_1379,2025-12-12 13:00:00+00:00,362,2,0.128375,USD,PUBLISHED,ARCHIVED
snapchat,snap_ad_1119,2025-11-19 11:00:00+00:00,155,0,0.070373,USD,VALIDATED,ACTIVE
snapchat,snap_ad_2342,2025-11-25 14:00:00+00:00,139,0,0.077998,USD,VALIDATED,LIMITED
snapchat,snap_ad_1850,2025-10-13 20:00:00+00:00,341,4,0.471024,USD,ENRICHED,ACTIVE
snapchat,snap_ad_669,2025-10-16 04:00:00+00:00,197,4,0.087709,USD,VALIDATED,ARCHIVED
snapchat,snap_ad_2005,2025-11-01 13:00:00+00:00,167,0,0.132636,USD,PUBLISHED,ACTIVE
snapchat,snap_ad_1105,2025-11-02 18:00:00+00:00,360,4,0.781151,USD,RECEIVED,ACTIVE
snapchat,snap_ad_925,2025-12-20 07:00:00+00:00,100,0,0.084589,USD,PUBLISHED,ACTIVE
snapchat,snap_ad_130,2025-09-23 10:00:00+00:00,326,17,0.395126,USD,RECEIVED,ACTIVE
snapchat,snap_ad_775,2025-09-27 03:00:00+00:00,180,18,0.114361,USD,PUBLISHED,DRAFT
snapchat,snap_ad_102,2025-12-06 19:00:00+00:00,223,14,0.015936,USD,PUBLISHED,ACTIVE
snapchat,snap_ad_2292,2025-11-22 04:00:00+00:00,536,33,1.021192,USD,RECEIVED,ACTIVE
snapchat,snap_ad_552,2025-10-01 11:00:00+00:00,90,2,0.082084,USD,ENRICHED,DISAPPROVED
snapchat,snap_ad_423,2025-09-22 21:00:00+00:00,275,0,-0.096421,USD,ENRICHED,ACTIVE
snapchat,snap_ad_1865,2025-12-25 20:00:00+00:00,86,0,0.132359,USD,VALIDATED,ACTIVE
snapchat,snap_ad_2219,2025-11-09 20:00:00+00:00,104,0,0.008652,USD,ENRICHED,ACTIVE
snapchat,snap_ad_678,2025-10-20 17:00:00+00:00,310,23,0.259949,USD,PUBLISHED,ARCHIVED
snapchat,snap_ad_1843,2025-11-09 07:00:00+00:00,42,0,0.010622,USD,RECEIVED,LIMITED
snapchat,snap_ad_208,2025-10-16 04:00:00+00:00,54,0,0.030372,USD,PUBLISHED,ACTIVE
snapchat,snap_ad_2148,2026-01-08 19:00:00+00:00,130,0,0.074421,USD,VALIDATED,PAUSED
snapchat,snap_ad_2391,2025-10-31 08:00:00+00:00,157,4,0.24965,USD,VALIDATED,ACTIVE
snapchat,snap_ad_1311,2025-11-29 10:00:00+00:00,548,1,0.474851,USD,ENRICHED,ACTIVE
snapchat,snap_ad_1194,2025-10-19 11:00:00+00:00,256,0,0.075307,USD,RECEIVED,LIMITED
snapchat,snap_ad_389,2025-12-29 07:00:00+00:00,41,0,0.016591,USD,VALIDATED,ACTIVE
snapchat,snap_ad_2253,2025-11-23 05:00:00+00:00,413,4,1.182583,USD,ENRICHED,ACTIVE
snapchat,snap_ad_1154,2025-12-22 10:00:00+00:00,320,0,0.652648,USD,PUBLISHED,ACTIVE
snapchat,snap_ad_28,2025-10-11 23:00:00+00:00,119,1,0.09437,USD,RECEIVED,DRAFT
snapchat,snap_ad_995,2025-10-01 11:00:00+00:00,82,1,0.01508,USD,ENRICHED,ACTIVE
snapchat,snap_ad_1357,2025-11-24 06:00:00+00:00,499,46,0.177713,USD,ENRICHED,ACTIVE
snapchat,snap_ad_422,2025-12-28 19:00:00+00:00,277,6,0.443485,USD,ENRICHED,ACTIVE
snapchat,snap_ad_1973,2025-12-07 15:00:00+00:00,115,3,0.011091,USD,PUBLISHED,ACTIVE
snapchat,snap_ad_52,2025-11-04 02:00:00+00:00,171,2,0.154652,USD,VALIDATED,ARCHIVED
snapchat,snap_ad_1079,2025-12-10 05:00:00+00:00,105,1,0.073951,USD,RECEIVED,ACTIVE
snapchat,snap_ad_1151,2025-10-10 01:00:00+00:00,108,1,0.071434,USD,VALIDATED,ACTIVE
snapchat,snap_ad_2297,2025-10-04 20:00:00+00:00,27,0,0.011715,USD,VALIDATED,ACTIVE
snapchat,snap_ad_744,2026-01-11 11:00:00+00:00,126,1,0.180881,USD,PUBLISHED,ACTIVE
snapchat,snap_ad_1503,2025-10-10 12:00:00+00:00,38,1,0.010585,USD,VALIDATED,ACTIVE
snapchat,snap_ad_705,2025-10-06 14:00:00+00:00,84,2,0.06269,USD,PUBLISHED,ACTIVE
snapchat,snap_ad_2389,2025-11-17 03:00:00+00:00,286,7,0.084179,USD,VALIDATED,ACTIVE
snapchat,snap_ad_782,2025-09-23 09:00:00+00:00,162,6,0.153677,USD,PUBLISHED,PAUSED
snapchat,snap_ad_603,2025-12-12 14:00:00+00:00,70,0,0.12347,USD,PUBLISHED,PAUSED
snapchat,snap_ad_2208,2026-01-06 11:00:00+00:00,124,1,0.030928,USD,ENRICHED,ACTIVE
snapchat,snap_ad_1503,2025-11-03 18:00:00+00:00,585,7,0.307954,USD,VALIDATED,ACTIVE
snapchat,snap_ad_1922,2025-09-30 12:00:00+00:00,227,14,0.033339,USD,VALIDATED,ACTIVE
snapchat,snap_ad_769,2025-12-15 20:00:00+00:00,97,3,0.02854,USD,ENRICHED,ACTIVE
snapchat,snap_ad_533,2025-10-04 23:00:00+00:00,537,5,0.160004,USD,RECEIVED,PAUSED
snapchat,snap_ad_597,2025-12-24 09:00:00+00:00,177,5,0.161489,USD,PUBLISHED,ACTIVE
snapchat,snap_ad_2323,2025-12-11 02:00:00+00:00,94,3,0.047415,USD,ENRICHED,ACTIVE
snapchat,snap_ad_406,2025-10-18 01:00:00+00:00,184,6,0.215815,USD,ENRICHED,DISAPPROVED
snapchat,snap_ad_948,2025-12-27 08:00:00+00:00,209,5,0.113867,USD,VALIDATED,DRAFT
snapchat,snap_ad_1030,2025-10-03 09:00:00+00:00,192,5,0.243254,USD,VALIDATED,ACTIVE
snapchat,snap_ad_2220,2025-10-06 09:00:00+00:00,43,0,0.027204,USD,ENRICHED,ACTIVE
snapchat,snap_ad_1343,2025-09-25 17:00:00+00:00,170,5,0.05574,USD,ENRICHED,ACTIVE
snapchat,snap_ad_1928,2025-10-15 07:00:00+00:00,125,3,0.142365,USD,VALIDATED,ACTIVE
snapchat,snap_ad_2065,2026-01-11 21:00:00+00:00,160,4,0.055015,USD,ENRICHED,ACTIVE
snapchat,snap_ad_705,2025-12-02 10:00:00+00:00,155,3,0.269965,USD,PUBLISHED,LIMITED
snapchat,snap_ad_841,2025-12-07 07:00:00+00:00,181,0,0.088325,USD,ENRICHED,ACTIVE
snapchat,snap_ad_1523,2025-10-17 17:00:00+00:00,133,0,0.066881,USD,VALIDATED,ACTIVE
snapchat,snap_ad_716,2026-01-06 22:00:00+00:00,40,0,0.029019,USD,PUBLISHED,PAUSED
snapchat,snap_ad_1902,2025-10-30 23:00:00+00:00,133,4,0.152737,USD,RECEIVED,ACTIVE
snapchat,snap_ad_2312,2025-10-21 18:00:00+00:00,85,1,0.020532,USD,VALIDATED,ACTIVE
snapchat,snap_ad_2122,2025-12-13 00:00:00+00:00,150,0,0.124688,USD,ENRICHED,ACTIVE
snapchat,snap_ad_1757,2025-10-30 14:00:00+00:00,86,4,0.030165,USD,ENRICHED,ACTIVE
snapchat,snap_ad_94,2025-11-22 17:00:00+00:00,66,2,0.022361,USD,PUBLISHED,ACTIVE
snapchat,snap_ad_1344,2025-12-20 22:00:00+00:00,490,7,0.372596806833616,USD,PUBLISHED,ACTIVE
snapchat,snap_ad_2306,2025-09-26 03:00:00+00:00,200,10,0.064709,USD,RECEIVED,ACTIVE
snapchat,snap_ad_1779,2025-12-08 05:00:00+00:00,40,3,0.048817,USD,VALIDATED,ACTIVE
snapchat,snap_ad_557,2026-01-03 19:00:00+00:00,59,0,0.082956,USD,RECEIVED,PAUSED
snapchat,snap_ad_972,2025-12-01 12:00:00+00:00,113,0,0.17554,USD,PUBLISHED,ACTIVE
snapchat,snap_ad_1293,2025-12-21 21:00:00+00:00,324,8,0.066882,USD,PUBLISHED,PAUSED
snapchat,snap_ad_913,2025-12-15 12:00:00+00:00,89,0,0.084561,USD,VALIDATED,PAUSED
snapchat,snap_ad_1215,2025-12-28 17:00:00+00:00,76,0,0.009498,USD,ENRICHED,ACTIVE
snapchat,snap_ad_1121,2025-09-29 07:00:00+00:00,54,0,0.035789,USD,VALIDATED,DRAFT
snapchat,snap_ad_249,2025-11-12 00:00:00+00:00,64,0,0.017733,USD,ENRICHED,ACTIVE
snapchat,snap_ad_836,2025-11-10 02:00:00+00:00,204,12,0.142188,USD,VALIDATED,ACTIVE
snapchat,snap_ad_2093,2025-11-17 09:00:00+00:00,363,29,0.080747,USD,PUBLISHED,ACTIVE
snapchat,snap_ad_1176,2025-11-26 06:00:00+00:00,88,1,0.025566,USD,VALIDATED,ACTIVE
snapchat,snap_ad_675,2025-11-03 09:00:00+00:00,185,5,0.357008,USD,ENRICHED,ACTIVE
snapchat,snap_ad_1641,2025-11-16 02:00:00+00:00,57,0,0.019808,USD,VALIDATED,ACTIVE
snapchat,snap_ad_505,2025-09-23 21:00:00+00:00,48,0,0.05156,USD,ENRICHED,ACTIVE
snapchat,snap_ad_2144,2025-11-02 10:00:00+00:00,234,2,0.075567,USD,PUBLISHED,ACTIVE
snapchat,snap_ad_1996,2025-10-26 10:00:00+00:00,162,2,0.187553,USD,PUBLISHED,PAUSED
snapchat,snap_ad_988,2025-12-07 21:00:00+00:00,233,1,0.124891,USD,VALIDATED,ACTIVE
snapchat,snap_ad_568,2025-12-16 02:00:00+00:00,102,1,0.046883,USD,PUBLISHED,ACTIVE
snapchat,snap_ad_436,2025-11-07 14:00:00+00:00,221,10,0.204303,USD,VALIDATED,ACTIVE
snapchat,snap_ad_2193,2025-10-18 15:00:00+00:00,159,2,0.048166,USD,PUBLISHED,ACTIVE
snapchat,snap_ad_2080,2025-10-23 10:00:00+00:00,293,0,0.160951,USD,VALIDATED,ACTIVE
snapchat,snap_ad_295,2025-11-21 00:00:00+00:00,132,2,0.038682,USD,VALIDATED,LIMITED
snapchat,snap_ad_954,2025-12-24 18:00:00+00:00,100,1,-0.006504,USD,VALIDATED,LIMITED
snapchat,snap_ad_2101,2025-09-20 03:00:00+00:00,498,5,0.133523,USD,PUBLISHED,ACTIVE
snapchat,snap_ad_1213,2025-10-23 12:00:00+00:00,134,2,0.026572,USD,RECEIVED,ACTIVE
snapchat,snap_ad_2342,2025-11-21 06:00:00+00:00,176,0,0.003073037921667352,USD,PUBLISHED,PAUSED
snapchat,snap_ad_1282,2025-12-12 22:00:00+00:00,187,3,0.13594,USD,VALIDATED,ACTIVE
snapchat,snap_ad_1696,2025-12-09 04:00:00+00:00,237,1,0.092729,USD,VALIDATED,ACTIVE
snapchat,snap_ad_1759,2025-11-17 12:00:00+00:00,224,4,0.06757,USD,VALIDATED,ACTIVE
snapchat,snap_ad_2010,2025-12-22 23:00:00+00:00,166,0,0.16678,USD,ENRICHED,ACTIVE
snapchat,snap_ad_1299,2025-11-26 22:00:00+00:00,50,0,0.004608,USD,VALIDATED,ACTIVE
snapchat,snap_ad_902,2025-11-05 02:00:00+00:00,133,2,0.125597,USD,VALIDATED,ACTIVE
snapchat,snap_ad_1335,2026-01-09 00:00:00+00:00,258,0,0.127377,USD,VALIDATED,LIMITED
snapchat,snap_ad_2254,2025-10-10 20:00:00+00:00,227,2,0.219623,USD,VALIDATED,ACTIVE
snapchat,snap_ad_1320,2025-12-19 20:00:00+00:00,257,10,0.136276,USD,VALIDATED,ACTIVE
snapchat,snap_ad_2343,2025-10-07 04:00:00+00:00,338,10,0.109309,USD,VALIDATED,ACTIVE
snapchat,snap_ad_188,2025-12-22 22:00:00+00:00,58,0,0.0005928810490357924,USD,ENRICHED,LIMITED
snapchat,snap_ad_1087,2026-01-08 22:00:00+00:00,324,1,0.401782,USD,VALIDATED,ACTIVE
snapchat,snap_ad_1820,2025-10-10 18:00:00+00:00,180,2,0.15696,USD,ENRICHED,ACTIVE
snapchat,snap_ad_1081,2025-10-21 14:00:00+00:00,165,2,0.151304,USD,PUBLISHED,ACTIVE
snapchat,snap_ad_2180,2025-11-03 17:00:00+00:00,662,1,0.29271,USD,PUBLISHED,LIMITED
snapchat,snap_ad_2054,2025-10-25 06:00:00+00:00,211,11,0.06087,USD,VALIDATED,ARCHIVED
snapchat,snap_ad_1454,2025-12-05 14:00:00+00:00,279,2,0.336797,USD,ENRICHED,ACTIVE
snapchat,snap_ad_337,2025-12-31 23:00:00+00:00,249,6,0.113729,USD,VALIDATED,ACTIVE
snapchat,snap_ad_1265,2026-01-03 19:00:00+00:00,89,2,0.066358,USD,ENRICHED,ACTIVE
snapchat,snap_ad_713,2025-10-14 02:00:00+00:00,60,1,0.069927,USD,ENRICHED,DISAPPROVED
snapchat,snap_ad_2321,2026-01-01 01:00:00+00:00,58,0,0.07446,USD,PUBLISHED,ACTIVE
snapchat,snap_ad_2315,2026-01-16 11:00:00+00:00,153,2,0.052962,USD,PUBLISHED,ACTIVE
snapchat,snap_ad_807,2026-01-01 03:00:00+00:00,377,11,0.115767,USD,VALIDATED,ACTIVE
snapchat,snap_ad_1749,2025-11-09 06:00:00+00:00,192,3,0.13877,USD,PUBLISHED,ACTIVE
snapchat,snap_ad_55,2025-09-21 08:00:00+00:00,197,0,0.050988,USD,PUBLISHED,ACTIVE
snapchat,snap_ad_1220,2025-10-27 22:00:00+00:00,67,1,0.021938,USD,VALIDATED,ACTIVE
snapchat,snap_ad_1650,2025-09-30 22:00:00+00:00,740,8,0.382059,USD,VALIDATED,ACTIVE
snapchat,snap_ad_841,2025-10-24 18:00:00+00:00,118,0,0.072506,USD,RECEIVED,ACTIVE
snapchat,snap_ad_1891,2025-10-06 22:00:00+00:00,142,1,0.140489,USD,VALIDATED,LIMITED
snapchat,snap_ad_1741,2025-11-09 11:00:00+00:00,589,6,0.676679,USD,RECEIVED,ACTIVE
snapchat,snap_ad_2190,2025-10-04 14:00:00+00:00,221,6,0.089269,USD,VALIDATED,ACTIVE
snapchat,snap_ad_2282,2025-12-13 16:00:00+00:00,178,6,0.101453,USD,VALIDATED,ACTIVE
snapchat,snap_ad_1137,2025-12-17 18:00:00+00:00,231,5,0.111178,USD,PUBLISHED,ACTIVE
snapchat,snap_ad_1216,2025-11-16 03:00:00+00:00,202,1,0.07482,USD,VALIDATED,PAUSED
snapchat,snap_ad_884,2025-11-26 21:00:00+00:00,265,13,0.220638,USD,VALIDATED,ACTIVE
snapchat,snap_ad_2276,2026-01-14 10:00:00+00:00,64,2,0.031054,USD,VALIDATED,ACTIVE
snapchat,snap_ad_1721,2026-01-10 01:00:00+00:00,213,6,0.045759,USD,ENRICHED,ACTIVE
snapchat,snap_ad_751,2025-10-06 05:00:00+00:00,35,0,0.020008,USD,VALIDATED,ACTIVE
snapchat,snap_ad_537,2026-01-06 05:00:00+00:00,448,28,0.083231,USD,ENRICHED,ACTIVE
snapchat,snap_ad_2095,2025-12-27 17:00:00+00:00,115,2,0.195169,USD,VALIDATED,ACTIVE
snapchat,snap_ad_1461,2025-10-03 14:00:00+00:00,58,2,0.024935,USD,RECEIVED,ACTIVE
snapchat,snap_ad_681,2025-11-04 13:00:00+00:00,124,8,0.119863,USD,RECEIVED,ACTIVE
snapchat,snap_ad_877,2025-11-17 17:00:00+00:00,477,25,0.407222,USD,VALIDATED,ARCHIVED
snapchat,snap_ad_2400,2025-10-07 20:00:00+00:00,295,1,0.0065862010953113784,USD,PUBLISHED,ACTIVE
snapchat,snap_ad_2113,2026-01-12 06:00:00+00:00,187,5,0.07495,USD,VALIDATED,ACTIVE
snapchat,snap_ad_2012,2025-11-05 06:00:00+00:00,169,1,0.168948,USD,PUBLISHED,PAUSED
snapchat,snap_ad_1260,2025-10-08 03:00:00+00:00,172,2,0.085077,USD,VALIDATED,ARCHIVED
snapchat,snap_ad_293,2025-12-17 13:00:00+00:00,262,17,0.128739,USD,VALIDATED,DISAPPROVED
snapchat,snap_ad_2019,2026-01-05 06:00:00+00:00,217,20,0.045724,USD,PUBLISHED,ACTIVE
snapchat,snap_ad_806,2025-10-01 22:00:00+00:00,216,0,0.279499,USD,PUBLISHED,ARCHIVED
snapchat,snap_ad_32,2026-01-03 12:00:00+00:00,181,5,0.078123,USD,VALIDATED,ARCHIVED
snapchat,snap_ad_232,2025-12-26 12:00:00+00:00,230,17,0.17953,USD,VALIDATED,ACTIVE
snapchat,snap_ad_2202,2025-12-12 12:00:00+00:00,79,0,0.061176,USD,PUBLISHED,ACTIVE
snapchat,snap_ad_807,2025-10-18 09:00:00+00:00,172,4,0.200316,USD,ENRICHED,ACTIVE
snapchat,snap_ad_1673,2025-10-12 21:00:00+00:00,106,0,-0.038623,USD,ENRICHED,ACTIVE
snapchat,snap_ad_1056,2025-09-24 12:00:00+00:00,32,0,0.015193,USD,RECEIVED,ARCHIVED
snapchat,snap_ad_2327,2025-12-28 06:00:00+00:00,74,0,0.036611,USD,VALIDATED,ACTIVE
snapchat,snap_ad_1220,2025-10-31 03:00:00+00:00,88,3,0.008984,USD,ENRICHED,PAUSED
snapchat,snap_ad_2258,2025-11-29 01:00:00+00:00,52,0,0.036011,USD,VALIDATED,ACTIVE
snapchat,snap_ad_544,2026-01-04 21:00:00+00:00,53,1,0.034842,USD,PUBLISHED,DRAFT
snapchat,snap_ad_84,2025-09-21 07:00:00+00:00,140,0,0.020422,USD,PUBLISHED,ACTIVE
snapchat,snap_ad_2293,2025-12-17 21:00:00+00:00,69,0,0.044998,USD,VALIDATED,ACTIVE
snapchat,snap_ad_156,2025-10-15 16:00:00+00:00,604,3,0.523395,USD,ENRICHED,ARCHIVED
snapchat,snap_ad_970,2025-09-24 02:00:00+00:00,299,4,0.088629,USD,ENRICHED,ACTIVE
snapchat,snap_ad_1315,2025-09-24 22:00:00+00:00,262,4,0.278707,USD,PUBLISHED,ACTIVE
snapchat,snap_ad_712,2025-11-24 12:00:00+00:00,140,1,0.152201,USD,VALIDATED,ACTIVE
snapchat,snap_ad_836,2026-01-14 23:00:00+00:00,231,5,0.032225,USD,PUBLISHED,ACTIVE
snapchat,snap_ad_200,2025-12-10 22:00:00+00:00,190,1,0.099371,USD,VALIDATED,ACTIVE
snapchat,snap_ad_2101,2025-12-02 17:00:00+00:00,210,10,0.206107,USD,ENRICHED,ACTIVE
snapchat,snap_ad_1758,2025-12-06 03:00:00+00:00,385,4,0.016568,USD,VALIDATED,ACTIVE
snapchat,snap_ad_907,2025-10-14 18:00:00+00:00,463,11,0.264848,USD,VALIDATED,DISAPPROVED
snapchat,snap_ad_286,2025-09-19 14:00:00+00:00,145,0,0.047064,USD,VALIDATED,ACTIVE
snapchat,snap_ad_1218,2025-11-17 14:00:00+00:00,82,0,0.065825,USD,VALIDATED,ACTIVE
snapchat,snap_ad_1582,2025-11-28 11:00:00+00:00,131,3,0.118956,USD,VALIDATED,ACTIVE
snapchat,snap_ad_2136,2025-12-22 05:00:00+00:00,241,0,0.367127,USD,RECEIVED,ACTIVE
snapchat,snap_ad_1776,2025-09-29 18:00:00+00:00,180,8,0.159138,USD,RECEIVED,ACTIVE
snapchat,snap_ad_709,2025-12-10 01:00:00+00:00,93,1,0.046158,USD,VALIDATED,ACTIVE
snapchat,snap_ad_1671,2025-12-25 17:00:00+00:00,203,7,0.098867,USD,ENRICHED,ACTIVE
snapchat,snap_ad_1388,2025-12-08 20:00:00+00:00,75,1,0.063875,USD,VALIDATED,PAUSED
snapchat,snap_ad_131,2025-12-07 20:00:00+00:00,80,0,0.141777,USD,PUBLISHED,ACTIVE
snapchat,snap_ad_956,2025-11-07 03:00:00+00:00,242,4,0.424826,USD,VALIDATED,DRAFT
snapchat,snap_ad_90,2026-01-14 04:00:00+00:00,108,1,0.176342,USD,ENRICHED,ACTIVE
snapchat,snap_ad_316,2025-09-20 22:00:00+00:00,168,0,0.077378,USD,ENRICHED,ACTIVE
snapchat,snap_ad_997,2025-12-08 07:00:00+00:00,37,0,0.009028,USD,VALIDATED,LIMITED
snapchat,snap_ad_1300,2025-10-03 22:00:00+00:00,50,0,0.033352,USD,VALIDATED,PAUSED
snapchat,snap_ad_1297,2025-11-09 17:00:00+00:00,1404,7,-1.214022,USD,PUBLISHED,ACTIVE
snapchat,snap_ad_239,2025-10-07 17:00:00+00:00,388,30,0.142438,USD,ENRICHED,ACTIVE
snapchat,snap_ad_1732,2025-10-02 10:00:00+00:00,345,1,0.452112,USD,VALIDATED,LIMITED
snapchat,snap_ad_1944,2025-11-18 20:00:00+00:00,98,1,0.087222,USD,PUBLISHED,DRAFT
snapchat,snap_ad_1385,2025-10-26 19:00:00+00:00,117,0,0.093397,USD,VALIDATED,DRAFT
snapchat,snap_ad_1626,2025-10-09 10:00:00+00:00,119,3,0.123312,USD,VALIDATED,ACTIVE
snapchat,snap_ad_858,2025-12-14 05:00:00+00:00,110,3,0.024836,USD,ENRICHED,ACTIVE
snapchat,snap_ad_1637,2025-09-24 22:00:00+00:00,258,2,0.121357,USD,VALIDATED,ACTIVE
snapchat,snap_ad_2270,2026-01-10 11:00:00+00:00,231,1,0.078517,USD,VALIDATED,ACTIVE
snapchat,snap_ad_1711,2025-10-23 07:00:00+00:00,72,0,0.028257,USD,ENRICHED,ACTIVE
snapchat,snap_ad_1921,2025-10-27 04:00:00+00:00,159,4,0.035433,USD,RECEIVED,ACTIVE
snapchat,snap_ad_2303,2025-10-27 05:00:00+00:00,109,1,0.081178,USD,ENRICHED,LIMITED
snapchat,snap_ad_1634,2025-10-07 07:00:00+00:00,82,1,0.113282,USD,RECEIVED,ACTIVE
snapchat,snap_ad_171,2025-11-13 01:00:00+00:00,627,1,0.502139,USD,VALIDATED,ACTIVE
snapchat,snap_ad_2207,2025-10-07 06:00:00+00:00,294,9,0.158056,USD,PUBLISHED,ACTIVE
snapchat,snap_ad_1275,2025-11-07 11:00:00+00:00,767,5,0.418165,USD,VALIDATED,ACTIVE
snapchat,snap_ad_1246,2025-11-16 23:00:00+00:00,80,1,0.036665,USD,ENRICHED,ACTIVE
snapchat,snap_ad_2065,2025-09-29 18:00:00+00:00,189,0,0.070893,USD,VALIDATED,ACTIVE
snapchat,snap_ad_1345,2025-10-18 07:00:00+00:00,85,2,0.113081,USD,ENRICHED,ACTIVE
snapchat,snap_ad_1482,2025-11-09 12:00:00+00:00,150,7,0.171268,USD,VALIDATED,ACTIVE
snapchat,snap_ad_1473,2025-09-27 10:00:00+00:00,156,2,0.118251,USD,ENRICHED,ACTIVE
snapchat,snap_ad_204,2025-10-29 21:00:00+00:00,63,6,0.027941,USD,ENRICHED,ACTIVE
snapchat,snap_ad_1019,2026-01-14 23:00:00+00:00,261,8,0.187452,USD,PUBLISHED,ACTIVE
snapchat,snap_ad_1456,2025-11-25 04:00:00+00:00,134,4,0.086838,USD,ENRICHED,ACTIVE
snapchat,snap_ad_1494,2025-12-13 13:00:00+00:00,132,0,0.037639,USD,RECEIVED,LIMITED
snapchat,snap_ad_302,2025-09-21 21:00:00+00:00,285,0,-0.148574,USD,ENRICHED,ACTIVE
snapchat,snap_ad_2254,2026-01-12 08:00:00+00:00,186,7,0.078397,USD,ENRICHED,ACTIVE
snapchat,snap_ad_1287,2026-01-16 13:00:00+00:00,364,1,0.082309,USD,PUBLISHED,ACTIVE
snapchat,snap_ad_1726,2025-09-28 19:00:00+00:00,107,2,0.139813,USD,VALIDATED,ACTIVE
snapchat,snap_ad_1372,2025-12-14 20:00:00+00:00,83,0,0.075758,USD,ENRICHED,DRAFT
snapchat,snap_ad_815,2025-12-23 09:00:00+00:00,508,3,-0.027799,USD,VALIDATED,ARCHIVED
snapchat,snap_ad_1745,2025-12-27 18:00:00+00:00,239,5,0.192102,USD,VALIDATED,PAUSED
snapchat,snap_ad_1484,2025-12-17 19:00:00+00:00,122,4,0.070576,USD,VALIDATED,ACTIVE
snapchat,snap_ad_1254,2026-01-03 21:00:00+00:00,323,2,0.713408,USD,RECEIVED,LIMITED
snapchat,snap_ad_558,2025-10-21 22:00:00+00:00,136,0,0.046889,USD,PUBLISHED,ACTIVE
snapchat,snap_ad_1638,2025-12-27 03:00:00+00:00,81,3,0.010075,USD,PUBLISHED,ACTIVE
snapchat,snap_ad_30,2025-11-07 00:00:00+00:00,132,8,0.113535,USD,PUBLISHED,LIMITED
snapchat,snap_ad_1639,2025-11-15 12:00:00+00:00,95,3,0.003743,USD,RECEIVED,ACTIVE
snapchat,snap_ad_2326,2025-11-30 03:00:00+00:00,134,5,0.044586,USD,PUBLISHED,ACTIVE
snapchat,snap_ad_1652,2025-11-16 12:00:00+00:00,308,2,0.190495,USD,VALIDATED,ACTIVE
snapchat,snap_ad_1959,2025-10-22 23:00:00+00:00,56,0,0.003453,USD,PUBLISHED,LIMITED
snapchat,snap_ad_2344,2025-10-04 21:00:00+00:00,193,2,0.08032,USD,PUBLISHED,DRAFT
snapchat,snap_ad_1435,2025-12-17 05:00:00+00:00,57,0,0.019307,USD,PUBLISHED,PAUSED
snapchat,snap_ad_95,2025-11-14 19:00:00+00:00,1343,50,0.065881,USD,VALIDATED,ACTIVE
snapchat,snap_ad_699,2025-09-23 23:00:00+00:00,128,3,0.010187,USD,ENRICHED,ACTIVE
snapchat,snap_ad_1735,2025-12-18 01:00:00+00:00,135,2,0.047899,USD,RECEIVED,ACTIVE
snapchat,snap_ad_1303,2025-11-02 08:00:00+00:00,253,2,0.375268,USD,VALIDATED,ACTIVE
snapchat,snap_ad_188,2025-12-26 02:00:00+00:00,460,8,0.272199,USD,VALIDATED,LIMITED
snapchat,snap_ad_1340,2025-10-12 06:00:00+00:00,426,13,0.274659,USD,PUBLISHED,ACTIVE
snapchat,snap_ad_487,2025-12-15 16:00:00+00:00,206,6,0.233399,USD,ENRICHED,ACTIVE
snapchat,snap_ad_1287,2025-11-19 02:00:00+00:00,225,10,0.273236,USD,PUBLISHED,ACTIVE
snapchat,snap_ad_1706,2025-11-06 16:00:00+00:00,114,4,-0.070511,USD,VALIDATED,ACTIVE
snapchat,snap_ad_50,2025-11-10 01:00:00+00:00,74,0,0.039175,USD,ENRICHED,ACTIVE
snapchat,snap_ad_2251,2025-10-18 04:00:00+00:00,243,0,0.138859,USD,VALIDATED,ACTIVE
snapchat,snap_ad_1880,2025-09-20 00:00:00+00:00,72,0,0.036194,USD,ENRICHED,ACTIVE
snapchat,snap_ad_372,2025-10-17 09:00:00+00:00,194,0,0.105966,USD,ENRICHED,ACTIVE
snapchat,snap_ad_1195,2025-12-28 18:00:00+00:00,106,3,0.012872,USD,VALIDATED,DISAPPROVED
snapchat,snap_ad_1251,2025-12-08 16:00:00+00:00,82,1,0.21947,USD,VALIDATED,DRAFT
snapchat,snap_ad_2268,2026-01-03 00:00:00+00:00,42,0,0.037506,USD,VALIDATED,ACTIVE
snapchat,snap_ad_758,2025-11-27 21:00:00+00:00,101,5,0.028891,USD,PUBLISHED,ACTIVE
snapchat,snap_ad_2352,2025-09-21 00:00:00+00:00,288,3,0.032571,USD,PUBLISHED,PAUSED
snapchat,snap_ad_270,2026-01-14 19:00:00+00:00,69,0,0.074106,USD,PUBLISHED,ACTIVE
snapchat,snap_ad_307,2026-01-08 14:00:00+00:00,263,7,0.222814,USD,VALIDATED,ACTIVE
snapchat,snap_ad_132,2025-10-17 02:00:00+00:00,298,0,0.144505,USD,PUBLISHED,ACTIVE
snapchat,snap_ad_793,2025-12-31 00:00:00+00:00,163,0,0.072826,USD,RECEIVED,ACTIVE
snapchat,snap_ad_838,2025-10-10 20:00:00+00:00,49,0,0.053582,USD,PUBLISHED,ACTIVE
snapchat,snap_ad_1172,2025-12-04 20:00:00+00:00,382,18,0.315316,USD,PUBLISHED,ACTIVE
snapchat,snap_ad_1090,2025-12-13 22:00:00+00:00,83,2,0.017194,USD,PUBLISHED,PAUSED
snapchat,snap_ad_328,2025-11-02 21:00:00+00:00,101,0,0.040795,USD,PUBLISHED,ACTIVE
snapchat,snap_ad_1524,2025-12-23 02:00:00+00:00,355,7,0.120768,USD,PUBLISHED,ACTIVE
snapchat,snap_ad_1854,2025-12-06 17:00:00+00:00,181,1,0.130556,USD,VALIDATED,PAUSED
snapchat,snap_ad_262,2025-09-24 20:00:00+00:00,162,4,0.155939,USD,VALIDATED,PAUSED
snapchat,snap_ad_1273,2025-11-11 02:00:00+00:00,115,0,0.0010867217132940895,USD,ENRICHED,PAUSED
snapchat,snap_ad_197,2025-09-25 03:00:00+00:00,138,5,0.115189,USD,VALIDATED,ACTIVE
snapchat,snap_ad_1775,2025-10-06 04:00:00+00:00,262,8,0.136475,USD,VALIDATED,ACTIVE
snapchat,snap_ad_1575,2025-10-22 13:00:00+00:00,158,1,0.066558,USD,VALIDATED,ACTIVE
snapchat,snap_ad_1539,2025-10-31 14:00:00+00:00,284,7,0.531561,USD,ENRICHED,ACTIVE
snapchat,snap_ad_1553,2025-10-07 06:00:00+00:00,788,57,1.224907,USD,ENRICHED,ACTIVE
snapchat,snap_ad_1635,2025-11-15 10:00:00+00:00,97,1,0.017778,USD,VALIDATED,ACTIVE
snapchat,snap_ad_244,2025-11-05 06:00:00+00:00,285,2,0.544041,USD,ENRICHED,LIMITED
snapchat,snap_ad_1021,2025-12-16 04:00:00+00:00,136,1,0.026527,USD,ENRICHED,ACTIVE
snapchat,snap_ad_981,2025-10-30 18:00:00+00:00,125,1,0.015286,USD,VALIDATED,ACTIVE
snapchat,snap_ad_2153,2025-10-03 22:00:00+00:00,145,2,0.14445,USD,ENRICHED,ACTIVE
snapchat,snap_ad_2103,2025-09-19 03:00:00+00:00,319,25,0.152918,USD,RECEIVED,ACTIVE
snapchat,snap_ad_2205,2025-10-10 10:00:00+00:00,283,7,0.147454,USD,VALIDATED,ACTIVE
snapchat,snap_ad_2304,2025-12-09 07:00:00+00:00,172,3,0.116315,USD,PUBLISHED,ACTIVE
snapchat,snap_ad_2285,2025-11-23 05:00:00+00:00,112,0,0.098083,USD,PUBLISHED,ACTIVE
snapchat,snap_ad_1672,2025-10-10 07:00:00+00:00,325,2,0.122339,USD,VALIDATED,ACTIVE
snapchat,snap_ad_1911,2025-09-27 15:00:00+00:00,321,0,0.395872,USD,ENRICHED,ACTIVE
snapchat,snap_ad_352,2025-12-31 18:00:00+00:00,510,18,0.145565,USD,ENRICHED,PAUSED
snapchat,snap_ad_396,2025-12-17 22:00:00+00:00,109,0,0.050118,USD,VALIDATED,LIMITED
snapchat,snap_ad_408,2025-11-26 23:00:00+00:00,239,3,0.101839,USD,ENRICHED,ACTIVE
snapchat,snap_ad_2115,2025-10-25 05:00:00+00:00,58,1,0.015036,USD,VALIDATED,ACTIVE
snapchat,snap_ad_164,2025-12-21 19:00:00+00:00,67,1,0.040342,USD,RECEIVED,DRAFT
snapchat,snap_ad_1525,2025-12-22 03:00:00+00:00,94,1,0.066138,USD,VALIDATED,LIMITED
snapchat,snap_ad_2197,2025-10-26 11:00:00+00:00,158,1,0.082212,USD,VALIDATED,LIMITED
snapchat,snap_ad_194,2025-10-30 10:00:00+00:00,173,1,0.067851,USD,ENRICHED,PAUSED
snapchat,snap_ad_1278,2025-10-14 03:00:00+00:00,340,21,0.104889,USD,VALIDATED,ACTIVE
snapchat,snap_ad_720,2025-11-17 20:00:00+00:00,474,6,0.461564,USD,VALIDATED,ACTIVE
snapchat,snap_ad_1134,2025-11-08 07:00:00+00:00,264,6,0.209295,USD,VALIDATED,PAUSED
snapchat,snap_ad_1752,2025-09-30 02:00:00+00:00,125,2,0.04222,USD,PUBLISHED,ACTIVE
snapchat,snap_ad_893,2025-12-04 00:00:00+00:00,221,6,0.127782,USD,VALIDATED,LIMITED
snapchat,snap_ad_1737,2025-10-25 03:00:00+00:00,402,3,0.202375,USD,RECEIVED,PAUSED
snapchat,snap_ad_1192,2025-11-29 00:00:00+00:00,290,0,0.043098,USD,VALIDATED,ACTIVE
snapchat,snap_ad_970,2025-10-18 00:00:00+00:00,176,2,0.167222,USD,VALIDATED,ACTIVE
snapchat,snap_ad_2080,2025-12-16 02:00:00+00:00,59,3,0.06725,USD,ENRICHED,PAUSED
snapchat,snap_ad_2310,2025-12-19 13:00:00+00:00,48,0,0.026581,USD,VALIDATED,ACTIVE
snapchat,snap_ad_1691,2025-11-23 18:00:00+00:00,183,4,0.055068,USD,VALIDATED,ACTIVE
snapchat,snap_ad_1085,2025-12-16 04:00:00+00:00,553,9,0.508686,USD,VALIDATED,DISAPPROVED
snapchat,snap_ad_1001,2025-10-02 07:00:00+00:00,95,0,0.056042,USD,PUBLISHED,ACTIVE
snapchat,snap_ad_444,2025-10-07 02:00:00+00:00,218,2,0.106117,USD,PUBLISHED,ACTIVE
snapchat,snap_ad_585,2025-09-29 18:00:00+00:00,700,42,0.599426,USD,ENRICHED,ACTIVE
snapchat,snap_ad_848,2025-11-10 21:00:00+00:00,168,1,0.089311,USD,PUBLISHED,ACTIVE
snapchat,snap_ad_261,2025-10-17 10:00:00+00:00,117,0,0.027956,USD,RECEIVED,ACTIVE
snapchat,snap_ad_1028,2025-09-27 05:00:00+00:00,48,0,0.046346,USD,VALIDATED,ACTIVE
snapchat,snap_ad_596,2025-10-06 14:00:00+00:00,48,0,0.037685,USD,VALIDATED,ACTIVE
snapchat,snap_ad_2191,2025-12-01 18:00:00+00:00,257,4,0.005139,USD,VALIDATED,ACTIVE
snapchat,snap_ad_704,2025-12-15 18:00:00+00:00,177,0,0.139577,USD,VALIDATED,ACTIVE
snapchat,snap_ad_2110,2026-01-12 19:00:00+00:00,559,29,0.139473,USD,VALIDATED,ACTIVE
snapchat,snap_ad_2260,2025-11-11 19:00:00+00:00,124,10,0.064103,USD,VALIDATED,LIMITED
snapchat,snap_ad_2146,2025-11-29 10:00:00+00:00,212,2,0.05381,USD,VALIDATED,ACTIVE
snapchat,snap_ad_2024,2026-01-14 23:00:00+00:00,106,4,0.066166,USD,VALIDATED,DRAFT
snapchat,snap_ad_1166,2025-09-24 16:00:00+00:00,141,0,0.032482,USD,RECEIVED,ARCHIVED
snapchat,snap_ad_167,2025-12-21 03:00:00+00:00,229,4,0.227914,USD,ENRICHED,ACTIVE
snapchat,snap_ad_430,2025-11-12 19:00:00+00:00,59,2,0.044698,USD,ENRICHED,LIMITED
snapchat,snap_ad_253,2025-10-06 13:00:00+00:00,107,4,0.084053,USD,VALIDATED,ACTIVE
snapchat,snap_ad_1310,2025-10-27 12:00:00+00:00,116,0,0.0012545674321264336,USD,ENRICHED,ACTIVE
snapchat,snap_ad_1610,2026-01-15 12:00:00+00:00,121,0,0.12869,USD,RECEIVED,ACTIVE
snapchat,snap_ad_1428,2025-11-20 16:00:00+00:00,68,2,0.106818,USD,ENRICHED,LIMITED
snapchat,snap_ad_1069,2025-09-28 08:00:00+00:00,223,12,0.054767,USD,ENRICHED,PAUSED
snapchat,snap_ad_862,2026-01-07 15:00:00+00:00,302,3,0.269846,USD,RECEIVED,ACTIVE
snapchat,snap_ad_743,2025-10-22 16:00:00+00:00,144,2,0.171764,USD,VALIDATED,ACTIVE
snapchat,snap_ad_50,2025-09-28 16:00:00+00:00,115,3,0.036659,USD,PUBLISHED,PAUSED
snapchat,snap_ad_1679,2025-11-11 00:00:00+00:00,102,2,0.048689,USD,ENRICHED,DISAPPROVED
snapchat,snap_ad_488,2025-12-06 02:00:00+00:00,302,8,0.035281,USD,ENRICHED,DISAPPROVED
snapchat,snap_ad_243,2026-01-12 22:00:00+00:00,22,0,0.013151,USD,ENRICHED,ACTIVE
snapchat,snap_ad_1289,2025-11-03 20:00:00+00:00,140,1,0.084033,USD,RECEIVED,ARCHIVED
snapchat,snap_ad_1135,2025-11-07 23:00:00+00:00,117,0,0.052294,USD,VALIDATED,PAUSED
snapchat,snap_ad_2213,2025-10-20 18:00:00+00:00,71,1,0.030964,USD,PUBLISHED,ACTIVE
snapchat,snap_ad_2354,2025-10-16 06:00:00+00:00,254,7,-0.093564,USD,VALIDATED,ACTIVE
snapchat,snap_ad_647,2025-10-25 11:00:00+00:00,137,0,0.201523,USD,ENRICHED,ACTIVE
snapchat,snap_ad_1622,2025-09-30 11:00:00+00:00,152,1,0.131691,USD,VALIDATED,DRAFT
snapchat,snap_ad_1585,2025-10-19 22:00:00+00:00,111,0,0.185029,USD,PUBLISHED,ACTIVE
snapchat,snap_ad_1595,2025-11-11 01:00:00+00:00,209,0,0.105689,USD,VALIDATED,ACTIVE
snapchat,snap_ad_684,2025-09-27 20:00:00+00:00,186,6,0.099074,USD,ENRICHED,ACTIVE
snapchat,snap_ad_1641,2025-10-28 19:00:00+00:00,170,5,0.202172,USD,ENRICHED,LIMITED
snapchat,snap_ad_2227,2025-12-01 15:00:00+00:00,1294,32,0.277378,USD,VALIDATED,ACTIVE
snapchat,snap_ad_530,2025-12-25 00:00:00+00:00,124,6,0.064566,USD,VALIDATED,LIMITED
snapchat,snap_ad_1620,2025-10-06 20:00:00+00:00,61,0,0.034901,USD,ENRICHED,ACTIVE
snapchat,snap_ad_2076,2025-10-03 15:00:00+00:00,177,1,0.085752,USD,ENRICHED,ACTIVE
snapchat,snap_ad_751,2025-11-14 08:00:00+00:00,383,0,0.111605,USD,RECEIVED,ACTIVE
snapchat,snap_ad_2209,2025-12-27 11:00:00+00:00,371,4,0.318678,USD,VALIDATED,ACTIVE
snapchat,snap_ad_349,2025-11-16 14:00:00+00:00,625,1,0.536116,USD,ENRICHED,ACTIVE
snapchat,snap_ad_434,2025-11-18 02:00:00+00:00,240,3,0.169056,USD,VALIDATED,ACTIVE
snapchat,snap_ad_926,2025-11-11 21:00:00+00:00,316,12,0.249212,USD,VALIDATED,ACTIVE
snapchat,snap_ad_1105,2026-01-01 23:00:00+00:00,147,2,0.166749,USD,PUBLISHED,ACTIVE
snapchat,snap_ad_1497,2025-09-30 20:00:00+00:00,161,1,0.160379,USD,PUBLISHED,ARCHIVED
snapchat,snap_ad_2169,2025-10-25 06:00:00+00:00,90,2,0.048614,USD,ENRICHED,PAUSED
snapchat,snap_ad_166,2025-11-12 12:00:00+00:00,298,2,0.074867,USD,PUBLISHED,ACTIVE
snapchat,snap_ad_72,2025-11-03 11:00:00+00:00,511,46,0.225235,USD,PUBLISHED,PAUSED
snapchat,snap_ad_1897,2025-11-03 04:00:00+00:00,377,0,0.460715,USD,VALIDATED,ACTIVE
snapchat,snap_ad_1891,2025-10-31 02:00:00+00:00,128,0,0.075433,USD,PUBLISHED,ACTIVE
snapchat,snap_ad_560,2025-10-22 08:00:00+00:00,81,0,0.065132,USD,ENRICHED,ACTIVE
snapchat,snap_ad_191,2025-10-11 02:00:00+00:00,94,0,0.026072,USD,ENRICHED,ACTIVE
snapchat,snap_ad_850,2025-10-05 19:00:00+00:00,129,1,0.089262,USD,RECEIVED,PAUSED
snapchat,snap_ad_1924,2025-10-01 06:00:00+00:00,153,3,0.490635,USD,PUBLISHED,ACTIVE
snapchat,snap_ad_1246,2025-09-23 10:00:00+00:00,112,0,0.063502,USD,ENRICHED,ACTIVE
snapchat,snap_ad_816,2026-01-10 12:00:00+00:00,587,5,0.91967,USD,RECEIVED,PAUSED
snapchat,snap_ad_1586,2025-10-06 10:00:00+00:00,209,0,0.142611,USD,RECEIVED,DRAFT
snapchat,snap_ad_1540,2026-01-08 03:00:00+00:00,69,0,0.044907,USD,PUBLISHED,ACTIVE
snapchat,snap_ad_282,2026-01-10 15:00:00+00:00,473,10,0.112919,USD,ENRICHED,ACTIVE
snapchat,snap_ad_1423,2025-11-16 14:00:00+00:00,210,2,0.060014,USD,RECEIVED,ACTIVE
snapchat,snap_ad_1416,2026-01-02 12:00:00+00:00,187,4,0.205806,USD,VALIDATED,ACTIVE
snapchat,snap_ad_1278,2025-12-25 04:00:00+00:00,1317,18,0.655499,USD,VALIDATED,ACTIVE
snapchat,snap_ad_929,2025-10-15 17:00:00+00:00,298,6,0.278076,USD,VALIDATED,ACTIVE
snapchat,snap_ad_1211,2025-11-18 12:00:00+00:00,82,0,0.03176,USD,VALIDATED,ACTIVE
snapchat,snap_ad_1999,2026-01-11 21:00:00+00:00,394,12,0.4266,USD,PUBLISHED,ACTIVE
snapchat,snap_ad_1800,2025-11-17 04:00:00+00:00,237,2,0.19542,USD,VALIDATED,ACTIVE
snapchat,snap_ad_1823,2025-10-22 22:00:00+00:00,130,0,0.056139,USD,RECEIVED,ACTIVE
snapchat,snap_ad_205,2025-11-27 12:00:00+00:00,23,1,0.02393,USD,VALIDATED,ACTIVE
snapchat,snap_ad_1907,2025-12-16 09:00:00+00:00,66,0,0.01576,USD,VALIDATED,ACTIVE
snapchat,snap_ad_1362,2025-10-03 14:00:00+00:00,183,2,0.060201,USD,ENRICHED,ACTIVE
snapchat,snap_ad_1863,2025-10-10 15:00:00+00:00,104,3,0.148078,USD,VALIDATED,ACTIVE
snapchat,snap_ad_412,2025-10-26 22:00:00+00:00,155,4,0.153513,USD,ENRICHED,ACTIVE
snapchat,snap_ad_494,2026-01-14 20:00:00+00:00,120,2,0.061868,USD,ENRICHED,ACTIVE
snapchat,snap_ad_2379,2025-10-02 01:00:00+00:00,510,3,0.220068,USD,PUBLISHED,ACTIVE
snapchat,snap_ad_1817,2026-01-02 19:00:00+00:00,186,2,0.064775,USD,PUBLISHED,ACTIVE
snapchat,snap_ad_2375,2026-01-16 20:00:00+00:00,200,3,0.081189,USD,VALIDATED,ACTIVE
snapchat,snap_ad_1323,2025-12-01 01:00:00+00:00,259,3,0.095086,USD,ENRICHED,ACTIVE
snapchat,snap_ad_2281,2025-11-19 01:00:00+00:00,62,2,0.041069,USD,ENRICHED,DISAPPROVED
snapchat,snap_ad_1175,2025-11-07 01:00:00+00:00,765,2,0.695831,USD,VALIDATED,ACTIVE
snapchat,snap_ad_561,2026-01-10 02:00:00+00:00,133,4,0.075999,USD,PUBLISHED,PAUSED
snapchat,snap_ad_160,2025-09-30 06:00:00+00:00,97,3,0.068531,USD,ENRICHED,PAUSED
snapchat,snap_ad_1532,2025-12-08 01:00:00+00:00,435,16,0.427453,USD,VALIDATED,LIMITED
snapchat,snap_ad_341,2025-10-24 14:00:00+00:00,146,0,0.149416,USD,PUBLISHED,ACTIVE
snapchat,snap_ad_1046,2025-10-26 14:00:00+00:00,67,2,0.049748,USD,PUBLISHED,ACTIVE
snapchat,snap_ad_1975,2025-11-10 02:00:00+00:00,141,0,0.067083,USD,ENRICHED,DISAPPROVED
snapchat,snap_ad_1151,2025-12-29 00:00:00+00:00,62,0,0.018344,USD,RECEIVED,ACTIVE
snapchat,snap_ad_1634,2025-12-06 00:00:00+00:00,195,4,0.026145,USD,VALIDATED,ACTIVE
snapchat,snap_ad_1947,2025-09-30 14:00:00+00:00,118,9,0.141063,USD,ENRICHED,ACTIVE
snapchat,snap_ad_267,2026-01-14 05:00:00+00:00,224,7,0.201306,USD,PUBLISHED,ACTIVE
snapchat,snap_ad_2318,2025-11-13 22:00:00+00:00,54,0,0.041508,USD,ENRICHED,ACTIVE
snapchat,snap_ad_2232,2025-10-27 16:00:00+00:00,145,4,0.005067,USD,RECEIVED,ACTIVE
snapchat,snap_ad_795,2025-12-25 06:00:00+00:00,39,0,0.003185,USD,PUBLISHED,ACTIVE
snapchat,snap_ad_975,2025-11-13 06:00:00+00:00,129,2,0.02879,USD,VALIDATED,LIMITED
snapchat,snap_ad_1465,2025-11-04 20:00:00+00:00,103,0,0.091168,USD,VALIDATED,ACTIVE
snapchat,snap_ad_565,2025-11-21 04:00:00+00:00,405,5,0.013982,USD,VALIDATED,ACTIVE
snapchat,snap_ad_2012,2026-01-15 17:00:00+00:00,418,4,0.073824,USD,VALIDATED,ACTIVE
snapchat,snap_ad_155,2025-12-24 14:00:00+00:00,170,0,0.459245,USD,PUBLISHED,ACTIVE
snapchat,snap_ad_509,2025-11-18 17:00:00+00:00,85,0,0.026278,USD,PUBLISHED,ACTIVE
snapchat,snap_ad_1537,2025-12-08 04:00:00+00:00,304,1,0.121045,USD,RECEIVED,ACTIVE
snapchat,snap_ad_745,2026-01-13 16:00:00+00:00,171,4,0.10095,USD,ENRICHED,ARCHIVED
snapchat,snap_ad_1535,2025-12-30 16:00:00+00:00,117,4,0.084133,USD,PUBLISHED,ACTIVE
snapchat,snap_ad_1987,2025-11-17 04:00:00+00:00,147,13,-0.099026,USD,VALIDATED,ACTIVE
snapchat,snap_ad_846,2025-12-15 20:00:00+00:00,40,1,0.054295,USD,VALIDATED,ACTIVE
snapchat,snap_ad_1839,2025-12-04 01:00:00+00:00,89,1,0.040418,USD,ENRICHED,ACTIVE
snapchat,snap_ad_2056,2025-10-17 00:00:00+00:00,219,3,0.15383,USD,VALIDATED,ACTIVE
snapchat,snap_ad_1346,2025-11-02 11:00:00+00:00,85,1,0.077375,USD,VALIDATED,ACTIVE
snapchat,snap_ad_502,2025-11-19 17:00:00+00:00,272,13,0.17717,USD,ENRICHED,ACTIVE
snapchat,snap_ad_324,2025-10-13 20:00:00+00:00,127,2,0.281031,USD,RECEIVED,LIMITED
snapchat,snap_ad_1782,2025-09-22 19:00:00+00:00,334,9,0.375654,USD,ENRICHED,LIMITED
snapchat,snap_ad_2104,2026-01-05 01:00:00+00:00,162,6,0.035259,USD,RECEIVED,ACTIVE
snapchat,snap_ad_406,2025-12-23 16:00:00+00:00,307,8,0.304891,USD,VALIDATED,ACTIVE
snapchat,snap_ad_506,2025-11-03 05:00:00+00:00,178,6,0.303576,USD,VALIDATED,DRAFT
snapchat,snap_ad_1036,2025-10-20 11:00:00+00:00,60,2,0.022853,USD,ENRICHED,DRAFT
snapchat,snap_ad_1001,2026-01-09 02:00:00+00:00,333,2,0.108512,USD,PUBLISHED,ACTIVE
snapchat,snap_ad_1980,2026-01-11 16:00:00+00:00,101,3,0.03618,USD,ENRICHED,ACTIVE
snapchat,snap_ad_2005,2025-10-17 22:00:00+00:00,100,1,0.022533,USD,VALIDATED,ACTIVE
snapchat,snap_ad_111,2025-10-04 15:00:00+00:00,126,4,0.109479,USD,PUBLISHED,ACTIVE
snapchat,snap_ad_1582,2025-10-01 08:00:00+00:00,294,1,0.248685,USD,RECEIVED,ARCHIVED
snapchat,snap_ad_1325,2025-11-27 14:00:00+00:00,134,1,0.00039086995037658197,USD,VALIDATED,ACTIVE
snapchat,snap_ad_1325,2025-11-27 14:00:00+00:00,134,1,0.0003896965667437989,USD,VALIDATED,ACTIVE
snapchat,snap_ad_1246,2025-12-30 11:00:00+00:00,434,7,0.162502,USD,PUBLISHED,ACTIVE
snapchat,snap_ad_36,2025-10-05 15:00:00+00:00,125,0,0.104165,USD,VALIDATED,ACTIVE
snapchat,snap_ad_1865,2025-11-08 17:00:00+00:00,200,8,0.075465,USD,ENRICHED,ACTIVE
snapchat,snap_ad_89,2025-11-08 00:00:00+00:00,283,8,0.213011,USD,PUBLISHED,DRAFT
snapchat,snap_ad_1227,2026-01-13 04:00:00+00:00,104,7,0.046848,USD,ENRICHED,ARCHIVED
snapchat,snap_ad_1108,2025-11-25 02:00:00+00:00,74,1,0.015809,USD,VALIDATED,ACTIVE
snapchat,snap_ad_2069,2026-01-11 08:00:00+00:00,195,1,0.086008,USD,VALIDATED,ACTIVE
snapchat,snap_ad_1709,2025-10-07 03:00:00+00:00,450,17,0.084556,USD,PUBLISHED,PAUSED
snapchat,snap_ad_2255,2025-10-20 15:00:00+00:00,140,8,0.117339,USD,PUBLISHED,ACTIVE
snapchat,snap_ad_368,2025-09-20 15:00:00+00:00,484,3,0.201474,USD,RECEIVED,ACTIVE
snapchat,snap_ad_356,2025-11-17 16:00:00+00:00,181,3,0.082227,USD,ENRICHED,ACTIVE
snapchat,snap_ad_1723,2025-11-12 12:00:00+00:00,111,0,0.072563,USD,ENRICHED,DRAFT
snapchat,snap_ad_1218,2026-01-10 02:00:00+00:00,263,6,0.101113,USD,PUBLISHED,LIMITED
snapchat,snap_ad_2056,2025-10-20 08:00:00+00:00,118,6,0.019753,USD,PUBLISHED,LIMITED
snapchat,snap_ad_373,2025-12-16 19:00:00+00:00,170,0,0.035592,USD,PUBLISHED,ACTIVE
snapchat,snap_ad_242,2025-09-28 03:00:00+00:00,152,3,0.212221,USD,VALIDATED,DISAPPROVED
snapchat,snap_ad_438,2025-12-19 21:00:00+00:00,156,0,0.215041,USD,PUBLISHED,ACTIVE
snapchat,snap_ad_1662,2025-11-03 04:00:00+00:00,261,4,0.457084,USD,VALIDATED,ACTIVE
snapchat,snap_ad_1472,2025-11-01 23:00:00+00:00,58,1,0.006648,USD,ENRICHED,ACTIVE
snapchat,snap_ad_1675,2025-12-20 13:00:00+00:00,417,3,0.071838,USD,PUBLISHED,ACTIVE
snapchat,snap_ad_2318,2025-11-30 09:00:00+00:00,90,1,0.042258,USD,PUBLISHED,ACTIVE
snapchat,snap_ad_1788,2025-11-01 09:00:00+00:00,441,4,0.12186285661242661,USD,PUBLISHED,ACTIVE
snapchat,snap_ad_1120,2025-11-25 10:00:00+00:00,251,2,0.112417,USD,VALIDATED,ACTIVE
snapchat,snap_ad_1813,2025-10-11 16:00:00+00:00,73,1,0.019357,USD,VALIDATED,ACTIVE
snapchat,snap_ad_1046,2026-01-10 17:00:00+00:00,434,11,0.109525,USD,VALIDATED,ACTIVE
snapchat,snap_ad_1278,2025-12-11 02:00:00+00:00,151,5,0.058068,USD,VALIDATED,ACTIVE
snapchat,snap_ad_459,2025-10-04 19:00:00+00:00,189,2,0.107903,USD,VALIDATED,ACTIVE
snapchat,snap_ad_200,2026-01-02 23:00:00+00:00,161,1,0.132051,USD,PUBLISHED,DRAFT
snapchat,snap_ad_584,2025-10-22 16:00:00+00:00,107,0,0.059087,USD,RECEIVED,ACTIVE
snapchat,snap_ad_1425,2025-11-03 09:00:00+00:00,183,18,0.154264,USD,PUBLISHED,DISAPPROVED
snapchat,snap_ad_1327,2025-10-20 17:00:00+00:00,310,0,0.306395,USD,PUBLISHED,ACTIVE
snapchat,snap_ad_1980,2025-10-04 17:00:00+00:00,110,7,0.120627,USD,PUBLISHED,ACTIVE
snapchat,snap_ad_1275,2026-01-04 04:00:00+00:00,185,1,0.13252,USD,RECEIVED,LIMITED
snapchat,snap_ad_1579,2025-10-19 16:00:00+00:00,168,14,0.259543,USD,PUBLISHED,ACTIVE
snapchat,snap_ad_1856,2025-12-25 09:00:00+00:00,85,1,0.08027,USD,RECEIVED,ACTIVE
snapchat,snap_ad_1328,2025-11-29 17:00:00+00:00,220,10,0.075243,USD,ENRICHED,ACTIVE
snapchat,snap_ad_710,2025-11-09 20:00:00+00:00,92,0,0.018563,USD,VALIDATED,ACTIVE
snapchat,snap_ad_1705,2025-11-15 20:00:00+00:00,136,2,0.195049,USD,PUBLISHED,ACTIVE
snapchat,snap_ad_1069,2025-12-30 01:00:00+00:00,198,7,0.069147,USD,PUBLISHED,ACTIVE
snapchat,snap_ad_176,2025-10-15 00:00:00+00:00,519,20,0.376914,USD,PUBLISHED,LIMITED
snapchat,snap_ad_1619,2025-09-22 16:00:00+00:00,94,3,0.018252,USD,ENRICHED,DRAFT
snapchat,snap_ad_1037,2025-12-24 06:00:00+00:00,89,1,0.081343,USD,VALIDATED,ACTIVE
snapchat,snap_ad_748,2025-10-08 01:00:00+00:00,193,0,0.216736,USD,ENRICHED,ACTIVE
snapchat,snap_ad_913,2026-01-10 04:00:00+00:00,100,1,0.125889,USD,PUBLISHED,ACTIVE
snapchat,snap_ad_1998,2025-09-24 20:00:00+00:00,107,0,0.0254,USD,VALIDATED,ACTIVE
snapchat,snap_ad_1012,2025-12-26 00:00:00+00:00,687,10,1.091676,USD,VALIDATED,ACTIVE
snapchat,snap_ad_46,2025-09-19 00:00:00+00:00,55,2,0.041731,USD,VALIDATED,ACTIVE
snapchat,snap_ad_487,2025-12-15 16:00:00+00:00,206,6,0.233399,USD,ENRICHED,ACTIVE
snapchat,snap_ad_2123,2025-09-30 14:00:00+00:00,417,1,0.483723,USD,ENRICHED,ACTIVE
snapchat,snap_ad_1421,2025-10-11 11:00:00+00:00,144,0,0.143045,USD,ENRICHED,PAUSED
snapchat,snap_ad_2334,2025-12-21 06:00:00+00:00,265,10,0.410736,USD,PUBLISHED,ACTIVE
snapchat,snap_ad_1009,2026-01-03 01:00:00+00:00,271,4,0.209007,USD,VALIDATED,ACTIVE
snapchat,snap_ad_1507,2026-01-02 15:00:00+00:00,41,0,0.012265,USD,VALIDATED,ACTIVE
snapchat,snap_ad_1139,2025-11-24 00:00:00+00:00,103,2,0.032994,USD,PUBLISHED,ACTIVE
snapchat,snap_ad_1445,2025-10-22 07:00:00+00:00,60,1,0.043008,USD,VALIDATED,PAUSED
snapchat,snap_ad_1580,2025-12-08 01:00:00+00:00,132,5,0.104105,USD,VALIDATED,ACTIVE
snapchat,snap_ad_1237,2025-10-23 01:00:00+00:00,343,25,0.036586,USD,ENRICHED,ACTIVE
snapchat,snap_ad_763,2026-01-11 12:00:00+00:00,253,3,0.269442,USD,VALIDATED,LIMITED
snapchat,snap_ad_2170,2025-12-22 12:00:00+00:00,201,2,0.083708,USD,ENRICHED,PAUSED
snapchat,snap_ad_168,2025-12-19 17:00:00+00:00,226,2,0.249514,USD,VALIDATED,ACTIVE
snapchat,snap_ad_1831,2025-10-10 18:00:00+00:00,115,10,0.097267,USD,PUBLISHED,DRAFT
snapchat,snap_ad_675,2025-10-21 18:00:00+00:00,127,0,0.090092,USD,VALIDATED,ACTIVE
snapchat,snap_ad_351,2026-01-10 10:00:00+00:00,269,9,0.518307,USD,ENRICHED,PAUSED
snapchat,snap_ad_2150,2025-11-16 20:00:00+00:00,258,236,0.037958,USD,VALIDATED,PAUSED
snapchat,snap_ad_2243,2025-12-09 23:00:00+00:00,359,23,0.193188,USD,ENRICHED,ACTIVE
snapchat,snap_ad_1775,2025-09-30 07:00:00+00:00,76,2,0.100186,USD,VALIDATED,ACTIVE
snapchat,snap_ad_28,2025-10-11 23:00:00+00:00,119,1,0.09437,USD,RECEIVED,DRAFT
snapchat,snap_ad_1706,2025-11-06 16:00:00+00:00,114,4,-0.070511,USD,VALIDATED,ACTIVE
snapchat,snap_ad_2293,2025-12-17 21:00:00+00:00,69,0,0.044998,USD,VALIDATED,ACTIVE
snapchat,snap_ad_1466,2025-10-16 18:00:00+00:00,172,0,0.247542,USD,PUBLISHED,PAUSED
snapchat,snap_ad_1671,2025-12-25 17:00:00+00:00,203,7,0.098867,USD,ENRICHED,ACTIVE
snapchat,snap_ad_1741,2025-11-09 11:00:00+00:00,589,6,0.676679,USD,RECEIVED,ACTIVE
snapchat,snap_ad_208,2025-10-16 04:00:00+00:00,54,0,0.030372,USD,PUBLISHED,ACTIVE
snapchat,snap_ad_560,2025-10-22 08:00:00+00:00,81,0,0.065132,USD,ENRICHED,ACTIVE
snapchat,snap_ad_704,2025-12-15 18:00:00+00:00,177,0,0.139577,USD,VALIDATED,ACTIVE
snapchat,snap_ad_2107,2025-10-05 00:00:00+00:00,357,36,0.27059,USD,PUBLISHED,ACTIVE
snapchat,snap_ad_537,2026-01-06 05:00:00+00:00,448,28,0.083231,USD,ENRICHED,ACTIVE
snapchat,snap_ad_748,2025-10-08 01:00:00+00:00,193,0,0.216736,USD,ENRICHED,ACTIVE
snapchat,snap_ad_2255,2025-10-20 15:00:00+00:00,140,8,0.117339,USD,PUBLISHED,ACTIVE
snapchat,snap_ad_2232,2025-10-27 16:00:00+00:00,145,4,0.005067,USD,RECEIVED,ACTIVE
snapchat,snap_ad_1529,2026-01-09 10:00:00+00:00,83,0,0.038755,USD,RECEIVED,ACTIVE
snapchat,snap_ad_1817,2026-01-02 19:00:00+00:00,186,2,0.064775,USD,PUBLISHED,ACTIVE
snapchat,snap_ad_120,2025-10-23 20:00:00+00:00,185,1,0.019363,USD,ENRICHED,ACTIVE
snapchat,snap_ad_1030,2025-10-03 09:00:00+00:00,192,5,0.243254,USD,VALIDATED,ACTIVE
snapchat,snap_ad_1146,2025-12-21 08:00:00+00:00,367,4,0.111162,USD,ENRICHED,DISAPPROVED
snapchat,snap_ad_485,2025-10-07 17:00:00+00:00,68,0,0.032232,USD,VALIDATED,PAUSED
snapchat,snap_ad_1079,2025-12-10 05:00:00+00:00,105,1,0.073951,USD,RECEIVED,ACTIVE
snapchat,snap_ad_1829,2025-10-24 03:00:00+00:00,174,9,0.181857,USD,ENRICHED,ACTIVE
snapchat,snap_ad_2211,2025-10-31 02:00:00+00:00,61,0,0.0789,USD,RECEIVED,ACTIVE
snapchat,snap_ad_184,2026-01-06 02:00:00+00:00,500,27,0.232642,USD,PUBLISHED,ACTIVE
snapchat,snap_ad_1445,2025-10-22 07:00:00+00:00,60,1,0.043008,USD,VALIDATED,PAUSED
snapchat,snap_ad_1465,2025-11-04 20:00:00+00:00,103,0,0.091168,USD,VALIDATED,ACTIVE
snapchat,snap_ad_1662,2025-11-03 04:00:00+00:00,261,4,0.457084,USD,VALIDATED,ACTIVE
